0,0,0,0,0,0,0,0,0,0
2,0,0,0,0,0,0,0,0,0
13,0.24755859375,0,0,0,0,0,0,0,0
32,0.24755859375,0,0,0,0,0,0,0,0
33,0.25732421875,-0.055908203125000014,-0.13749999999999998,0.319091796875,0.83750000000000002,886.5,420.5,901.5,459.5
34,0.31982421875,-0.070751953125000003,0.36249999999999999,0.40424804687500004,0.88749999999999996,1004.5,479.5,1023.5,500.5
35,0.61572265625,-0.069433593750000008,-0.13749999999999998,0.73056640625000002,0.83750000000000002,935.5,420.5,967.5,459.5
36,0.5615234375,-0.081494140625000003,-0.23749999999999999,0.64350585937500004,0.96250000000000013,330.5,910.5,359.5,958.5
37,0.732421875,-0.079882812499999997,-0.13749999999999998,0.82011718750000007,0.86249999999999993,386.5,502.5,422.5,542.5
38,0.62158203125,-0.078515625000000006,-0.13749999999999998,0.74648437499999998,0.86249999999999993,423.5,502.5,456.5,542.5
39,0.17431640625,-0.075585937500000006,0.38750000000000001,0.24941406250000003,0.88750000000000007,331.5,57.5,344.5,77.5
40,0.341796875,-0.068652343750000011,-0.36249999999999999,0.45634765624999996,0.9375,114.5,971.5,135.5,1023.5
41,0.34765625,-0.114794921875,-0.36249999999999999,0.41020507812499996,0.9375,136.5,971.5,157.5,1023.5
42,0.4306640625,-0.12241210937500001,0.16250000000000001,0.55258789062500002,0.83750000000000002,864.5,83.5,891.5,110.5
43,0.56689453125,-0.09326171875,-0.0625,0.65673828125000011,0.73750000000000004,270.5,112.5,300.5,144.5
44,0.1962890625,-0.117724609375,-0.28749999999999998,0.28227539062500007,0.23749999999999999,197.5,56.5,213.5,77.5
45,0.27587890625,-0.11279296875000001,0.13750000000000001,0.38720703125000006,0.48750000000000004,142.5,35.5,162.5,49.5
46,0.26318359375,-0.061035156250000014,-0.13749999999999998,0.31396484375,0.23750000000000002,989.5,62.5,1004.5,77.5
47,0.412109375,-0.11669921875000001,-0.1875,0.50830078125,0.83750000000000013,620.5,628.5,645.5,669.5
48,0.5615234375,-0.069482421875000006,-0.13749999999999998,0.63051757812499998,0.86249999999999993,457.5,502.5,485.5,542.5
49,0.5615234375,-0.043017578125000011,-0.13749999999999998,0.48198242187499996,0.86249999999999993,486.5,502.5,507.5,542.5
50,0.5615234375,-0.08984375,-0.13749999999999998,0.66015625000000011,0.86249999999999993,614.5,502.5,644.5,542.5
51,0.5615234375,-0.091259765625000003,-0.13749999999999998,0.63374023437500004,0.86249999999999993,994.5,918.5,1023.5,958.5
52,0.5615234375,-0.105029296875,-0.13749999999999998,0.66997070312500007,0.83750000000000002,35.5,379.5,66.5,418.5
53,0.5615234375,-0.051416015625000006,-0.13749999999999998,0.64858398437499998,0.83750000000000002,67.5,379.5,95.5,418.5
54,0.5615234375,-0.060937500000000006,-0.13749999999999998,0.63906249999999998,0.83750000000000002,96.5,379.5,124.5,418.5
55,0.5615234375,-0.09716796875,-0.13749999999999998,0.65283203125000011,0.83750000000000002,125.5,379.5,155.5,418.5
56,0.5615234375,-0.081738281250000003,-0.13749999999999998,0.64326171875000004,0.86249999999999993,645.5,502.5,674.5,542.5
57,0.5615234375,-0.077539062500000006,-0.13749999999999998,0.62246093749999998,0.86249999999999993,675.5,502.5,703.5,542.5
58,0.2421875,-0.065673828125000014,-0.13749999999999998,0.309326171875,0.66249999999999998,554.5,112.5,569.5,144.5
59,0.21142578125,-0.10673828125,-0.28749999999999998,0.29326171875000007,0.66250000000000009,286.5,180.5,302.5,218.5
60,0.50830078125,-0.090136718749999997,-0.037500000000000006,0.55986328125000007,0.66249999999999998,997.5,390.5,1023.5,418.5
61,0.548828125,-0.059667968750000008,0.0625,0.61533203125000002,0.61250000000000004,126.5,55.5,153.5,77.5
62,0.5224609375,-0.063574218750000008,-0.037500000000000006,0.61142578125000002,0.66249999999999998,809.5,82.5,836.5,110.5
63,0.47216796875,-0.090380859374999997,-0.13749999999999998,0.55961914062500007,0.86249999999999993,704.5,502.5,730.5,542.5
64,0.89794921875,-0.071867968046804689,-0.36249999999999999,0.97813203195319531,0.83750000000000013,360.5,910.5,402.5,958.5
65,0.65234375,-0.123583984375,-0.13749999999999998,0.77641601562500007,0.83750000000000002,209.5,379.5,245.5,418.5
66,0.62255859375,-0.050537109375000014,-0.13749999999999998,0.699462890625,0.83750000000000002,285.5,379.5,315.5,418.5
67,0.65087890625,-0.068212890625000008,-0.13749999999999998,0.73178710937500002,0.86249999999999993,731.5,502.5,763.5,542.5
68,0.65576171875,-0.047900390625000011,-0.13749999999999998,0.72709960937500007,0.83750000000000002,355.5,379.5,386.5,418.5
69,0.568359375,-0.054150390625000003,-0.13749999999999998,0.67084960937500004,0.83750000000000002,427.5,379.5,456.5,418.5
70,0.552734375,-0.047265625000000006,-0.13749999999999998,0.65273437499999998,0.83750000000000002,457.5,379.5,485.5,418.5
71,0.68115234375,-0.066503906250000008,-0.13749999999999998,0.73349609375000002,0.86249999999999993,764.5,502.5,796.5,542.5
72,0.712890625,-0.044287109375000008,-0.13749999999999998,0.75571289062500002,0.83750000000000002,566.5,379.5,598.5,418.5
73,0.27197265625,-0.038769531250000003,-0.13749999999999998,0.31123046875000004,0.83750000000000002,1004.5,420.5,1018.5,459.5
74,0.5517578125,-0.099755859375000006,-0.13749999999999998,0.60024414062499998,0.83750000000000002,599.5,379.5,627.5,418.5
75,0.626953125,-0.045019531250000008,-0.13749999999999998,0.75498046875000002,0.83750000000000002,660.5,379.5,692.5,418.5
76,0.5380859375,-0.051904296875000006,-0.13749999999999998,0.64809570312499998,0.83750000000000002,693.5,379.5,721.5,418.5
77,0.873046875,-0.051220703125000003,-0.13749999999999998,0.92377929687500004,0.83750000000000002,722.5,379.5,761.5,418.5
78,0.712890625,-0.044287109375000008,-0.13749999999999998,0.75571289062500002,0.83750000000000002,762.5,379.5,794.5,418.5
79,0.6875,-0.068994140625000006,-0.13749999999999998,0.75600585937499998,0.86249999999999993,797.5,502.5,830.5,542.5
80,0.630859375,-0.049365234375000011,-0.13749999999999998,0.72563476562500007,0.83750000000000002,833.5,379.5,864.5,418.5
81,0.6875,-0.071923828125000006,-0.26250000000000001,0.75307617187499998,0.86249999999999993,49.5,671.5,82.5,716.5
82,0.61572265625,-0.047412109375000011,-0.13749999999999998,0.72758789062500007,0.83750000000000002,965.5,379.5,996.5,418.5
83,0.59326171875,-0.090136718749999997,-0.13749999999999998,0.68486328125000007,0.86249999999999993,864.5,502.5,895.5,542.5
84,0.5966796875,-0.10117187500000001,-0.13749999999999998,0.69882812500000002,0.83750000000000002,29.5,339.5,61.5,378.5
85,0.6484375,-0.061816406250000011,-0.13749999999999998,0.71318359375000007,0.83750000000000002,62.5,339.5,93.5,378.5
86,0.63623046875,-0.11889648437500001,-0.13749999999999998,0.756103515625,0.83750000000000002,239.5,339.5,274.5,378.5
87,0.88720703125,-0.10224609375,-0.13749999999999998,0.99775390625000004,0.83750000000000002,979.5,724.5,1023.5,763.5
88,0.626953125,-0.098291015625000006,-0.13749999999999998,0.72670898437499998,0.83750000000000002,431.5,339.5,464.5,378.5
89,0.6005859375,-0.12568359374999999,-0.13749999999999998,0.72431640625000004,0.83750000000000002,465.5,339.5,499.5,378.5
90,0.5986328125,-0.086718749999999997,-0.13749999999999998,0.68828125000000007,0.83750000000000002,674.5,339.5,705.5,378.5
91,0.26513671875,-0.061669921875000006,-0.28749999999999998,0.38833007812500003,0.9375,592.5,974.5,610.5,1023.5
92,0.41015625,-0.1140625,-0.1875,0.53593750000000007,0.83750000000000013,646.5,628.5,672.5,669.5
93,0.26513671875,-0.12832031249999998,-0.28749999999999998,0.32167968750000003,0.9375,611.5,974.5,629.5,1023.5
94,0.41796875,-0.1044921875,0.21250000000000002,0.52050781250000011,0.83750000000000013,100.5,52.5,125.5,77.5
95,0.451171875,-0.12441406249999999,-0.21249999999999999,0.57558593750000009,0.13750000000000004,163.5,35.5,191.5,49.5
96,0.30908203125,-0.107861328125,0.46250000000000002,0.36713867187500004,0.88749999999999996,1004.5,461.5,1023.5,478.5
97,0.5439453125,-0.078759765625000006,-0.13749999999999998,0.62124023437499998,0.6875,303.5,145.5,331.5,178.5
98,0.56103515625,-0.058007812500000006,-0.13749999999999998,0.64199218749999998,0.88750000000000007,673.5,628.5,701.5,669.5
99,0.5234375,-0.082421875000000006,-0.13749999999999998,0.61757812499999998,0.6875,427.5,145.5,455.5,178.5
100,0.56396484375,-0.080712890625000006,-0.13749999999999998,0.61928710937499998,0.88750000000000007,702.5,628.5,730.5,669.5
101,0.52978515625,-0.080468750000000006,-0.13749999999999998,0.61953124999999998,0.6875,456.5,145.5,484.5,178.5
102,0.34716796875,-0.098535156250000006,-0.13749999999999998,0.47646484375000003,0.88750000000000007,731.5,628.5,754.5,669.5
103,0.56103515625,-0.079980468750000006,-0.33749999999999997,0.62001953124999998,0.68750000000000011,755.5,628.5,783.5,669.5
104,0.55078125,-0.061376953125000008,-0.13749999999999998,0.61362304687500002,0.88750000000000007,873.5,628.5,900.5,669.5
105,0.24267578125,-0.065185546875000014,-0.13749999999999998,0.309814453125,0.86249999999999993,929.5,502.5,944.5,542.5
106,0.23876953125,-0.16914062499999999,-0.36249999999999999,0.30585937500000004,0.86250000000000004,630.5,974.5,649.5,1023.5
107,0.5068359375,-0.062646484375000006,-0.13749999999999998,0.63735351562499998,0.88750000000000007,901.5,628.5,929.5,669.5
108,0.24267578125,-0.053662109375000003,-0.13749999999999998,0.29633789062500004,0.88750000000000007,930.5,628.5,944.5,669.5
109,0.87646484375,-0.061767578125000014,-0.13749999999999998,0.938232421875,0.6875,516.5,145.5,556.5,178.5
110,0.5517578125,-0.061376953125000008,-0.13749999999999998,0.61362304687500002,0.6875,557.5,145.5,584.5,178.5
111,0.5703125,-0.090087890625,-0.13749999999999998,0.65991210937500011,0.6875,585.5,145.5,615.5,178.5
112,0.56103515625,-0.058496093750000006,-0.33749999999999997,0.64150390624999998,0.68750000000000011,945.5,628.5,973.5,669.5
113,0.568359375,-0.080957031250000006,-0.33749999999999997,0.61904296874999998,0.68750000000000011,974.5,628.5,1002.5,669.5
114,0.33837890625,-0.066455078125000011,-0.13749999999999998,0.45854492187499996,0.6875,675.5,145.5,696.5,178.5
115,0.515625,-0.081152343750000008,-0.13749999999999998,0.59384765625000002,0.6875,697.5,145.5,724.5,178.5
116,0.32666015625,-0.12680664062499999,-0.13749999999999998,0.42319335937500002,0.78749999999999998,596.5,181.5,618.5,218.5
117,0.55126953125,-0.063085937500000008,-0.13749999999999998,0.61191406250000002,0.66249999999999998,245.5,78.5,272.5,110.5
118,0.484375,-0.10903320312500001,-0.13749999999999998,0.59096679687499998,0.66249999999999998,216.5,78.5,244.5,110.5
119,0.75146484375,-0.11298828125,-0.13749999999999998,0.86201171875000004,0.66249999999999998,176.5,78.5,215.5,110.5
120,0.49560546875,-0.115673828125,-0.13749999999999998,0.60932617187500004,0.66249999999999998,146.5,78.5,175.5,110.5
121,0.47314453125,-0.12666015624999999,-0.36249999999999999,0.59833984375000004,0.66250000000000009,0.5,585.5,29.5,626.5
122,0.49560546875,-0.084814453125000008,-0.13749999999999998,0.59018554687500002,0.66249999999999998,81.5,78.5,108.5,110.5
123,0.33837890625,-0.095800781250000008,-0.3125,0.45419921875000002,0.91250000000000009,650.5,974.5,672.5,1023.5
124,0.24365234375,-0.040673828125000006,-0.26250000000000001,0.28432617187500003,0.83750000000000002,468.5,672.5,481.5,716.5
125,0.33837890625,-0.11752929687500001,-0.3125,0.43247070312500002,0.91250000000000009,673.5,974.5,695.5,1023.5
126,0.68017578125,-0.072167968750000006,0.0625,0.75283203124999998,0.53750000000000009,461.5,58.5,494.5,77.5
160,0.24755859375,0,0,0,0,0,0,0,0
161,0.24365234375,-0.066162109375000014,-0.3125,0.308837890625,0.6875,206.5,460.5,221.5,500.5
162,0.546875,-0.076074218750000006,-0.26250000000000001,0.62392578124999998,0.78749999999999998,908.5,674.5,936.5,716.5
163,0.5810546875,-0.089892578124999997,-0.13749999999999998,0.68510742187500007,0.86249999999999993,251.5,460.5,282.5,500.5
164,0.712890625,-0.0771484375,-0.16249999999999998,0.79785156250000011,0.76249999999999996,651.5,181.5,686.5,218.5
165,0.52490234375,-0.12504882812499998,-0.13749999999999998,0.64995117187500007,0.83750000000000002,873.5,299.5,904.5,338.5
166,0.23974609375,-0.057812500000000003,-0.26250000000000001,0.29218750000000004,0.83750000000000002,482.5,672.5,496.5,716.5
167,0.61328125,-0.085986328124999997,-0.38750000000000001,0.68901367187500007,0.86250000000000016,230.5,973.5,261.5,1023.5
168,0.41796875,-0.079736328125000006,0.48749999999999999,0.49526367187500003,0.86250000000000004,859.5,62.5,882.5,77.5
169,0.78564453125,-0.084130859375000006,-0.13749999999999998,0.86586914062499998,0.86249999999999993,985.5,983.5,1023.5,1023.5
170,0.44677734375,-0.060449218750000006,0.1875,0.51455078124999998,0.86250000000000004,959.5,83.5,982.5,110.5
171,0.46923828125,-0.07568359375,-0.0625,0.54931640625000011,0.58750000000000013,20.5,51.5,45.5,77.5
172,0.5537109375,-0.072607421875000008,0.037500000000000006,0.60239257812500002,0.53750000000000009,387.5,57.5,414.5,77.5
173,0.27587890625,-0.11279296875000001,0.13750000000000001,0.38720703125000006,0.48750000000000004,192.5,35.5,212.5,49.5
174,0.7861328125,-0.084619140625000006,-0.13749999999999998,0.86538085937499998,0.86249999999999993,985.5,868.5,1023.5,908.5
175,0.4580078125,-0.066601562500000003,0.48749999999999999,0.53339843750000004,0.83750000000000002,999.5,797.5,1023.5,811.5
176,0.37353515625,-0.062988281250000014,0.33750000000000002,0.43701171875000006,0.86250000000000004,214.5,56.5,234.5,77.5
177,0.5341796875,-0.079003906250000006,-0.13749999999999998,0.62099609374999998,0.76250000000000007,716.5,182.5,744.5,218.5
178,0.36669921875,-0.10463867187500001,0.1875,0.47036132812500003,0.86250000000000004,915.5,83.5,938.5,110.5
179,0.36669921875,-0.097265625000000008,0.1875,0.45273437500000002,0.86250000000000004,892.5,83.5,914.5,110.5
180,0.3134765625,-0.075634765625000003,0.46250000000000002,0.39936523437500004,0.88749999999999996,766.5,60.5,785.5,77.5
181,0.56640625,-0.054296875000000008,-0.33749999999999997,0.62070312500000002,0.66249999999999998,283.5,460.5,310.5,500.5
182,0.48876953125,-0.093017578125,-0.13749999999999998,0.53198242187500011,0.83750000000000002,207.5,259.5,232.5,298.5
183,0.2607421875,-0.059570312500000014,0.16250000000000001,0.3154296875,0.53749999999999998,0.5,34.5,15.5,49.5
184,0.24755859375,-0.080175781250000008,-0.33749999999999997,0.34482421875000002,0.13750000000000007,495.5,58.5,512.5,77.5
185,0.36669921875,-0.074365234375000006,0.1875,0.37563476562500003,0.83750000000000013,1005.5,558.5,1023.5,584.5
186,0.45458984375,-0.073193359375000003,0.1875,0.52680664062500004,0.86250000000000004,999.5,769.5,1023.5,796.5
187,0.46875,-0.083300781249999997,-0.0625,0.56669921875000007,0.61250000000000004,837.5,83.5,863.5,110.5
188,0.732421875,-0.093847656250000008,-0.13749999999999998,0.83115234375000002,0.83750000000000002,296.5,259.5,333.5,298.5
189,0.77587890625,-0.093896484375000006,-0.13749999999999998,0.85610351562499998,0.83750000000000002,387.5,259.5,425.5,298.5
190,0.77783203125,-0.077539062500000006,-0.13749999999999998,0.87246093749999998,0.86249999999999993,340.5,460.5,378.5,500.5
191,0.47314453125,-0.10410156250000001,-0.33749999999999997,0.57089843750000002,0.68750000000000011,82.5,585.5,109.5,626.5
192,0.65234375,-0.123583984375,-0.13749999999999998,0.77641601562500007,1.0375000000000001,75.5,861.5,111.5,908.5
193,0.65234375,-0.123583984375,-0.13749999999999998,0.77641601562500007,1.0375000000000001,112.5,861.5,148.5,908.5
194,0.65234375,-0.123583984375,-0.13749999999999998,0.77641601562500007,1.0375000000000001,149.5,861.5,185.5,908.5
195,0.65234375,-0.123583984375,-0.13749999999999998,0.77641601562500007,1.0375000000000001,186.5,861.5,222.5,908.5
196,0.65234375,-0.123583984375,-0.13749999999999998,0.77641601562500007,1.0125000000000002,358.5,765.5,394.5,811.5
197,0.65234375,-0.123583984375,-0.13749999999999998,0.77641601562500007,1.0875000000000001,696.5,974.5,732.5,1023.5
198,0.9345703125,-0.13217773437499999,-0.13749999999999998,1.0428222656249999,0.83750000000000002,915.5,259.5,962.5,298.5
199,0.65087890625,-0.068212890625000008,-0.36249999999999999,0.73178710937500002,0.86250000000000004,733.5,974.5,765.5,1023.5
200,0.568359375,-0.054150390625000003,-0.13749999999999998,0.67084960937500004,1.0375000000000001,223.5,861.5,252.5,908.5
201,0.568359375,-0.054150390625000003,-0.13749999999999998,0.67084960937500004,1.0375000000000001,253.5,861.5,282.5,908.5
202,0.568359375,-0.054150390625000003,-0.13749999999999998,0.67084960937500004,1.0375000000000001,283.5,861.5,312.5,908.5
203,0.568359375,-0.054150390625000003,-0.13749999999999998,0.67084960937500004,1.0125000000000002,432.5,765.5,461.5,811.5
204,0.27197265625,-0.15131835937499999,-0.13749999999999998,0.32368164062500004,1.0375000000000001,313.5,861.5,332.5,908.5
205,0.27197265625,-0.049755859375000003,-0.13749999999999998,0.42524414062500004,1.0375000000000001,333.5,861.5,352.5,908.5
206,0.27197265625,-0.13852539062499999,-0.13749999999999998,0.41147460937500002,1.0375000000000001,353.5,861.5,375.5,908.5
207,0.27197265625,-0.15004882812499998,-0.13749999999999998,0.42495117187500003,1.0125000000000002,462.5,765.5,485.5,811.5
208,0.67041015625,-0.130126953125,-0.13749999999999998,0.744873046875,0.83750000000000002,202.5,219.5,237.5,258.5
209,0.712890625,-0.044287109375000008,-0.13749999999999998,0.75571289062500002,1.0375000000000001,376.5,861.5,408.5,908.5
210,0.6875,-0.068994140625000006,-0.13749999999999998,0.75600585937499998,1.0375000000000001,409.5,861.5,442.5,908.5
211,0.6875,-0.068994140625000006,-0.13749999999999998,0.75600585937499998,1.0375000000000001,443.5,861.5,476.5,908.5
212,0.6875,-0.068994140625000006,-0.13749999999999998,0.75600585937499998,1.0375000000000001,477.5,861.5,510.5,908.5
213,0.6875,-0.068994140625000006,-0.13749999999999998,0.75600585937499998,1.0375000000000001,511.5,861.5,544.5,908.5
214,0.6875,-0.068994140625000006,-0.13749999999999998,0.75600585937499998,1.0125000000000002,486.5,765.5,519.5,811.5
215,0.533203125,-0.086816406250000006,-0.037500000000000006,0.61318359374999998,0.6875,780.5,81.5,808.5,110.5
216,0.6875,-0.076611328125000003,-0.1875,0.77338867187500004,0.88750000000000018,561.5,673.5,595.5,716.5
217,0.6484375,-0.061816406250000011,-0.13749999999999998,0.71318359375000007,1.0375000000000001,545.5,861.5,576.5,908.5
218,0.6484375,-0.061816406250000011,-0.13749999999999998,0.71318359375000007,1.0375000000000001,577.5,861.5,608.5,908.5
219,0.6484375,-0.061816406250000011,-0.13749999999999998,0.71318359375000007,1.0375000000000001,609.5,861.5,640.5,908.5
220,0.6484375,-0.061816406250000011,-0.13749999999999998,0.71318359375000007,1.0125000000000002,559.5,765.5,590.5,811.5
221,0.6005859375,-0.12568359374999999,-0.13749999999999998,0.72431640625000004,1.0375000000000001,641.5,861.5,675.5,908.5
222,0.5908203125,-0.049267578125000003,-0.13749999999999998,0.67573242187500004,0.83750000000000002,994.5,259.5,1023.5,298.5
223,0.5947265625,-0.065185546875000014,-0.13749999999999998,0.684814453125,0.88750000000000007,238.5,585.5,268.5,626.5
224,0.5439453125,-0.078759765625000006,-0.13749999999999998,0.62124023437499998,0.88750000000000007,269.5,585.5,297.5,626.5
225,0.5439453125,-0.078759765625000006,-0.13749999999999998,0.62124023437499998,0.88750000000000007,298.5,585.5,326.5,626.5
226,0.5439453125,-0.078759765625000006,-0.13749999999999998,0.62124023437499998,0.88750000000000007,327.5,585.5,355.5,626.5
227,0.5439453125,-0.078759765625000006,-0.13749999999999998,0.62124023437499998,0.88750000000000007,356.5,585.5,384.5,626.5
228,0.5439453125,-0.078759765625000006,-0.13749999999999998,0.62124023437499998,0.86249999999999993,504.5,460.5,532.5,500.5
229,0.5439453125,-0.078759765625000006,-0.13749999999999998,0.62124023437499998,0.93750000000000011,596.5,673.5,624.5,716.5
230,0.84423828125,-0.088183593749999997,-0.13749999999999998,0.93681640625000007,0.6875,124.5,145.5,165.5,178.5
231,0.5234375,-0.082421875000000006,-0.36249999999999999,0.61757812499999998,0.6875,937.5,674.5,965.5,716.5
232,0.52978515625,-0.080468750000000006,-0.13749999999999998,0.61953124999999998,0.88750000000000007,385.5,585.5,413.5,626.5
233,0.52978515625,-0.080468750000000006,-0.13749999999999998,0.61953124999999998,0.88750000000000007,414.5,585.5,442.5,626.5
234,0.52978515625,-0.080468750000000006,-0.13749999999999998,0.61953124999999998,0.88750000000000007,443.5,585.5,471.5,626.5
235,0.52978515625,-0.080468750000000006,-0.13749999999999998,0.61953124999999998,0.86249999999999993,565.5,460.5,593.5,500.5
236,0.2470703125,-0.16401367187499999,-0.13749999999999998,0.31098632812500004,0.88750000000000007,472.5,585.5,491.5,626.5
237,0.2470703125,-0.062451171875000003,-0.13749999999999998,0.41254882812500004,0.88750000000000007,522.5,585.5,541.5,626.5
238,0.2470703125,-0.15122070312499999,-0.13749999999999998,0.39877929687500002,0.88750000000000007,542.5,585.5,564.5,626.5
239,0.2470703125,-0.16274414062499998,-0.13749999999999998,0.41225585937500003,0.86249999999999993,594.5,460.5,617.5,500.5
240,0.5859375,-0.070751953125000003,-0.13749999999999998,0.65424804687500004,0.91249999999999998,966.5,674.5,995.5,716.5
241,0.5517578125,-0.061376953125000008,-0.13749999999999998,0.61362304687500002,0.88750000000000007,594.5,585.5,621.5,626.5
242,0.5703125,-0.090087890625,-0.13749999999999998,0.65991210937500011,0.88750000000000007,622.5,585.5,652.5,626.5
243,0.5703125,-0.090087890625,-0.13749999999999998,0.65991210937500011,0.88750000000000007,653.5,585.5,683.5,626.5
244,0.5703125,-0.090087890625,-0.13749999999999998,0.65991210937500011,0.88750000000000007,684.5,585.5,714.5,626.5
245,0.5703125,-0.090087890625,-0.13749999999999998,0.65991210937500011,0.88750000000000007,715.5,585.5,745.5,626.5
246,0.5703125,-0.090087890625,-0.13749999999999998,0.65991210937500011,0.86249999999999993,618.5,460.5,648.5,500.5
247,0.57080078125,-0.0966796875,-0.0625,0.65332031250000011,0.73750000000000004,335.5,112.5,365.5,144.5
248,0.56640625,-0.090087890625,-0.21249999999999999,0.65991210937500011,0.73750000000000004,255.5,180.5,285.5,218.5
249,0.55126953125,-0.063085937500000008,-0.13749999999999998,0.61191406250000002,0.88750000000000007,746.5,585.5,773.5,626.5
250,0.55126953125,-0.063085937500000008,-0.13749999999999998,0.61191406250000002,0.88750000000000007,774.5,585.5,801.5,626.5
251,0.55126953125,-0.063085937500000008,-0.13749999999999998,0.61191406250000002,0.88750000000000007,802.5,585.5,829.5,626.5
252,0.55126953125,-0.063085937500000008,-0.13749999999999998,0.61191406250000002,0.86249999999999993,710.5,460.5,737.5,500.5
253,0.47314453125,-0.12666015624999999,-0.36249999999999999,0.59833984375000004,0.88750000000000018,262.5,973.5,291.5,1023.5
254,0.576171875,-0.054101562500000006,-0.33749999999999997,0.64589843749999998,0.88750000000000007,766.5,974.5,794.5,1023.5
255,0.47314453125,-0.12666015624999999,-0.36249999999999999,0.59833984375000004,0.86250000000000004,795.5,974.5,824.5,1023.5
256,0.65234375,-0.123583984375,-0.13749999999999998,0.77641601562500007,0.98749999999999993,175.5,671.5,211.5,716.5
257,0.5439453125,-0.078759765625000006,-0.13749999999999998,0.62124023437499998,0.83750000000000002,0.5,179.5,28.5,218.5
258,0.65234375,-0.123583984375,-0.13749999999999998,0.77641601562500007,1.0125000000000002,591.5,765.5,627.5,811.5
259,0.5439453125,-0.078759765625000006,-0.13749999999999998,0.62124023437499998,0.86249999999999993,779.5,460.5,807.5,500.5
260,0.65234375,-0.123583984375,-0.33749999999999997,0.77641601562500007,0.83750000000000002,676.5,861.5,712.5,908.5
261,0.5439453125,-0.078759765625000006,-0.33749999999999997,0.62124023437499998,0.68750000000000011,830.5,585.5,858.5,626.5
262,0.65087890625,-0.068212890625000008,-0.13749999999999998,0.73178710937500002,1.0625000000000002,403.5,910.5,435.5,958.5
263,0.5234375,-0.082421875000000006,-0.13749999999999998,0.61757812499999998,0.88750000000000007,859.5,585.5,887.5,626.5
264,0.65087890625,-0.068212890625000008,-0.13749999999999998,0.73178710937500002,1.0625000000000002,436.5,910.5,468.5,958.5
265,0.5234375,-0.082421875000000006,-0.13749999999999998,0.61757812499999998,0.88750000000000007,888.5,585.5,916.5,626.5
266,0.65087890625,-0.068212890625000008,-0.13749999999999998,0.73178710937500002,1.0125000000000002,628.5,765.5,660.5,811.5
267,0.5234375,-0.082421875000000006,-0.13749999999999998,0.61757812499999998,0.86249999999999993,808.5,460.5,836.5,500.5
268,0.65087890625,-0.068212890625000008,-0.13749999999999998,0.73178710937500002,1.0625000000000002,469.5,910.5,501.5,958.5
269,0.5234375,-0.082421875000000006,-0.13749999999999998,0.61757812499999998,0.88750000000000007,917.5,585.5,945.5,626.5
270,0.65576171875,-0.047900390625000011,-0.13749999999999998,0.72709960937500007,1.0375000000000001,713.5,861.5,744.5,908.5
271,0.63720703125,-0.078808593750000003,-0.13749999999999998,0.77119140625000004,0.88750000000000007,30.5,543.5,64.5,584.5
272,0.67041015625,-0.130126953125,-0.13749999999999998,0.744873046875,0.83750000000000002,519.5,219.5,554.5,258.5
273,0.59716796875,-0.084814453125000008,-0.13749999999999998,0.71518554687500002,0.88750000000000007,65.5,543.5,97.5,584.5
274,0.568359375,-0.054150390625000003,-0.13749999999999998,0.67084960937500004,1.0125000000000002,661.5,765.5,690.5,811.5
275,0.52978515625,-0.080468750000000006,-0.13749999999999998,0.61953124999999998,0.83750000000000002,444.5,219.5,472.5,258.5
276,0.568359375,-0.054150390625000003,-0.13749999999999998,0.67084960937500004,1.0375000000000001,745.5,861.5,774.5,908.5
277,0.52978515625,-0.080468750000000006,-0.13749999999999998,0.61953124999999998,0.86249999999999993,912.5,460.5,940.5,500.5
278,0.568359375,-0.054150390625000003,-0.13749999999999998,0.67084960937500004,1.0125000000000002,691.5,765.5,720.5,811.5
279,0.52978515625,-0.080468750000000006,-0.13749999999999998,0.61953124999999998,0.86249999999999993,941.5,460.5,969.5,500.5
280,0.568359375,-0.054150390625000003,-0.33749999999999997,0.67084960937500004,0.83750000000000002,775.5,861.5,804.5,908.5
281,0.52978515625,-0.080468750000000006,-0.33749999999999997,0.61953124999999998,0.68750000000000011,194.5,543.5,222.5,584.5
282,0.568359375,-0.054150390625000003,-0.13749999999999998,0.67084960937500004,1.0375000000000001,805.5,861.5,834.5,908.5
283,0.52978515625,-0.080468750000000006,-0.13749999999999998,0.61953124999999998,0.88750000000000007,223.5,543.5,251.5,584.5
284,0.68115234375,-0.066503906250000008,-0.13749999999999998,0.73349609375000002,1.0625000000000002,502.5,910.5,534.5,958.5
285,0.56103515625,-0.079980468750000006,-0.33749999999999997,0.62001953124999998,0.88750000000000007,825.5,974.5,853.5,1023.5
286,0.68115234375,-0.066503906250000008,-0.13749999999999998,0.73349609375000002,1.0375000000000001,835.5,861.5,867.5,908.5
287,0.56103515625,-0.079980468750000006,-0.33749999999999997,0.62001953124999998,0.86250000000000016,535.5,910.5,563.5,958.5
288,0.68115234375,-0.066503906250000008,-0.13749999999999998,0.73349609375000002,1.0125000000000002,760.5,765.5,792.5,811.5
289,0.56103515625,-0.079980468750000006,-0.33749999999999997,0.62001953124999998,0.86250000000000016,564.5,910.5,592.5,958.5
290,0.68115234375,-0.066503906250000008,-0.38750000000000001,0.73349609375000002,0.86250000000000016,292.5,973.5,324.5,1023.5
291,0.56103515625,-0.079980468750000006,-0.33749999999999997,0.62001953124999998,0.96250000000000002,158.5,971.5,186.5,1023.5
292,0.712890625,-0.044287109375000008,-0.13749999999999998,0.75571289062500002,1.0375000000000001,899.5,861.5,931.5,908.5
293,0.55078125,-0.061376953125000008,-0.13749999999999998,0.61362304687500002,1.0375000000000001,932.5,861.5,959.5,908.5
294,0.7001953125,-0.12221679687499999,-0.13749999999999998,0.82778320312500009,0.83750000000000002,775.5,259.5,813.5,298.5
295,0.5654296875,-0.14555664062499998,-0.13749999999999998,0.62944335937500007,0.88750000000000007,252.5,543.5,283.5,584.5
296,0.27197265625,-0.16303710937499999,-0.13749999999999998,0.43696289062500004,1.0375000000000001,960.5,861.5,984.5,908.5
297,0.2470703125,-0.17573242187499999,-0.13749999999999998,0.42426757812500004,0.88750000000000007,284.5,543.5,308.5,584.5
298,0.27197265625,-0.16132812499999999,-0.13749999999999998,0.43867187500000004,1.0125000000000002,822.5,765.5,846.5,811.5
299,0.2470703125,-0.17402343749999999,-0.13749999999999998,0.42597656250000004,0.83750000000000002,610.5,259.5,634.5,298.5
300,0.27197265625,-0.13852539062499999,-0.13749999999999998,0.41147460937500002,1.0375000000000001,0.5,812.5,22.5,859.5
301,0.2470703125,-0.15122070312499999,-0.13749999999999998,0.39877929687500002,0.86249999999999993,39.5,419.5,61.5,459.5
302,0.27197265625,-0.11484375000000001,-0.33749999999999997,0.31015625000000002,0.83750000000000002,23.5,812.5,40.5,859.5
303,0.24267578125,-0.13833007812499998,-0.33749999999999997,0.31166992187500003,0.86250000000000016,593.5,910.5,611.5,958.5
304,0.27197265625,-0.051513671875000014,-0.13749999999999998,0.323486328125,1.0125000000000002,847.5,765.5,862.5,811.5
305,0.2470703125,-0.053906250000000003,-0.13749999999999998,0.29609375000000004,0.66249999999999998,94.5,112.5,108.5,144.5
306,0.82373046875,-0.044531250000000008,-0.13749999999999998,0.88046875000000002,0.83750000000000002,349.5,259.5,386.5,298.5
307,0.4814453125,-0.060009765625000003,-0.36249999999999999,0.53999023437500004,0.86250000000000004,854.5,974.5,878.5,1023.5
308,0.5517578125,-0.10532226562500001,-0.13749999999999998,0.69467773437500002,1.0375000000000001,75.5,812.5,107.5,859.5
309,0.25146484375,-0.16713867187499998,-0.36249999999999999,0.40786132812500003,0.86250000000000004,879.5,974.5,902.5,1023.5
310,0.626953125,-0.045019531250000008,-0.33749999999999997,0.75498046875000002,0.83750000000000002,141.5,812.5,173.5,859.5
311,0.5068359375,-0.062646484375000006,-0.36249999999999999,0.63735351562499998,0.88750000000000018,325.5,973.5,353.5,1023.5
312,0.55615234375,-0.059521484375000003,-0.13749999999999998,0.66547851562500004,0.66249999999999998,694.5,112.5,723.5,144.5
313,0.5380859375,-0.053857421875000006,-0.13749999999999998,0.64614257812499998,1.0375000000000001,174.5,812.5,202.5,859.5
314,0.24267578125,-0.063916015625000003,-0.13749999999999998,0.41108398437500004,1.0875000000000001,903.5,974.5,922.5,1023.5
315,0.5380859375,-0.051904296875000006,-0.38750000000000001,0.64809570312499998,0.83750000000000002,923.5,974.5,951.5,1023.5
316,0.24267578125,-0.0830078125,-0.38750000000000001,0.2919921875,0.88750000000000007,187.5,972.5,202.5,1023.5
317,0.5380859375,-0.051904296875000006,-0.13749999999999998,0.64809570312499998,0.83750000000000002,850.5,259.5,878.5,298.5
318,0.31591796875,-0.057177734375000011,-0.13749999999999998,0.46782226562499996,0.88750000000000007,337.5,543.5,358.5,584.5
319,0.5380859375,-0.051904296875000006,-0.13749999999999998,0.64809570312499998,0.83750000000000002,970.5,299.5,998.5,338.5
320,0.35009765625,-0.060351562500000011,-0.13749999999999998,0.46464843749999996,0.88750000000000007,359.5,543.5,380.5,584.5
321,0.53857421875,-0.110107421875,-0.13749999999999998,0.63989257812500011,0.83750000000000002,905.5,299.5,935.5,338.5
322,0.27001953125,-0.11425781250000001,-0.13749999999999998,0.38574218750000006,0.88750000000000007,1003.5,628.5,1023.5,669.5
323,0.712890625,-0.044287109375000008,-0.13749999999999998,0.75571289062500002,1.0375000000000001,203.5,812.5,235.5,859.5
324,0.5517578125,-0.061376953125000008,-0.13749999999999998,0.61362304687500002,0.88750000000000007,413.5,543.5,440.5,584.5
325,0.712890625,-0.044287109375000008,-0.38750000000000001,0.75571289062500002,0.83750000000000002,952.5,974.5,984.5,1023.5
326,0.5517578125,-0.061376953125000008,-0.38750000000000001,0.61362304687500002,0.68750000000000011,625.5,673.5,652.5,716.5
327,0.712890625,-0.044287109375000008,-0.13749999999999998,0.75571289062500002,1.0375000000000001,269.5,812.5,301.5,859.5
328,0.5517578125,-0.061376953125000008,-0.13749999999999998,0.61362304687500002,0.88750000000000007,441.5,543.5,468.5,584.5
329,0.5517578125,-0.16215820312499998,-0.13749999999999998,0.61284179687500007,0.88750000000000007,469.5,543.5,500.5,584.5
330,0.69287109375,-0.051611328125000008,-0.36249999999999999,0.74838867187500002,0.83750000000000013,612.5,910.5,644.5,958.5
331,0.56640625,-0.056005859375000008,-0.36249999999999999,0.61899414062500002,0.6875,996.5,674.5,1023.5,716.5
332,0.6875,-0.068994140625000006,-0.13749999999999998,0.75600585937499998,0.98749999999999993,212.5,671.5,245.5,716.5
333,0.5703125,-0.090087890625,-0.13749999999999998,0.65991210937500011,0.83750000000000002,512.5,299.5,542.5,338.5
334,0.6875,-0.068994140625000006,-0.13749999999999998,0.75600585937499998,1.0125000000000002,965.5,765.5,998.5,811.5
335,0.5703125,-0.090087890625,-0.13749999999999998,0.65991210937500011,0.86249999999999993,249.5,419.5,279.5,459.5
336,0.6875,-0.068994140625000006,-0.13749999999999998,0.75600585937499998,1.0375000000000001,302.5,812.5,335.5,859.5
337,0.5703125,-0.090087890625,-0.13749999999999998,0.65991210937500011,0.88750000000000007,501.5,543.5,531.5,584.5
338,0.95361328125,-0.084912109375000003,-0.13749999999999998,1.015087890625,0.86249999999999993,280.5,419.5,324.5,459.5
339,0.908203125,-0.088818359375000003,-0.13749999999999998,1.011181640625,0.6875,258.5,145.5,302.5,178.5
340,0.61572265625,-0.047412109375000011,-0.13749999999999998,0.72758789062500007,1.0375000000000001,336.5,812.5,367.5,859.5
341,0.33837890625,-0.064550781250000008,-0.13749999999999998,0.48544921875000002,0.88750000000000007,532.5,543.5,554.5,584.5
342,0.61572265625,-0.047412109375000011,-0.38750000000000001,0.72758789062500007,0.83750000000000002,0.5,909.5,31.5,958.5
343,0.33837890625,-0.092871093750000008,-0.38750000000000001,0.45712890625000002,0.68750000000000011,653.5,673.5,675.5,716.5
344,0.61572265625,-0.047412109375000011,-0.13749999999999998,0.72758789062500007,1.0375000000000001,368.5,812.5,399.5,859.5
345,0.33837890625,-0.088281250000000006,-0.13749999999999998,0.48671875000000003,0.88750000000000007,555.5,543.5,578.5,584.5
346,0.59326171875,-0.090136718749999997,-0.13749999999999998,0.68486328125000007,1.0375000000000001,400.5,812.5,431.5,859.5
347,0.515625,-0.081152343750000008,-0.13749999999999998,0.59384765625000002,0.88750000000000007,579.5,543.5,606.5,584.5
348,0.59326171875,-0.090136718749999997,-0.13749999999999998,0.68486328125000007,1.0375000000000001,432.5,812.5,463.5,859.5
349,0.515625,-0.081152343750000008,-0.13749999999999998,0.59384765625000002,0.88750000000000007,607.5,543.5,634.5,584.5
350,0.59326171875,-0.090136718749999997,-0.33749999999999997,0.68486328125000007,0.86250000000000016,645.5,910.5,676.5,958.5
351,0.515625,-0.081152343750000008,-0.36249999999999999,0.59384765625000002,0.6875,0.5,627.5,27.5,669.5
352,0.59326171875,-0.090136718749999997,-0.13749999999999998,0.68486328125000007,1.0375000000000001,464.5,812.5,495.5,859.5
353,0.515625,-0.081152343750000008,-0.13749999999999998,0.59384765625000002,0.88750000000000007,635.5,543.5,662.5,584.5
354,0.5966796875,-0.10117187500000001,-0.33749999999999997,0.69882812500000002,0.83750000000000002,496.5,812.5,528.5,859.5
355,0.32666015625,-0.12294921874999999,-0.33749999999999997,0.45205078125000003,0.78749999999999998,246.5,671.5,269.5,716.5
356,0.5966796875,-0.10117187500000001,-0.13749999999999998,0.69882812500000002,1.0375000000000001,529.5,812.5,561.5,859.5
357,0.34619140625,-0.127685546875,-0.13749999999999998,0.49731445312500006,0.93750000000000011,676.5,673.5,701.5,716.5
358,0.5966796875,-0.10117187500000001,-0.13749999999999998,0.69882812500000002,0.83750000000000002,706.5,339.5,738.5,378.5
359,0.32666015625,-0.13808593749999998,-0.13749999999999998,0.43691406250000003,0.78749999999999998,572.5,181.5,595.5,218.5
360,0.6484375,-0.061816406250000011,-0.13749999999999998,0.71318359375000007,1.0375000000000001,562.5,812.5,593.5,859.5
361,0.55126953125,-0.063085937500000008,-0.13749999999999998,0.61191406250000002,0.88750000000000007,726.5,543.5,753.5,584.5
362,0.6484375,-0.061816406250000011,-0.13749999999999998,0.71318359375000007,0.98749999999999993,270.5,671.5,301.5,716.5
363,0.55126953125,-0.063085937500000008,-0.13749999999999998,0.61191406250000002,0.83750000000000002,529.5,339.5,556.5,378.5
364,0.6484375,-0.061816406250000011,-0.13749999999999998,0.71318359375000007,1.0125000000000002,214.5,717.5,245.5,763.5
365,0.55126953125,-0.063085937500000008,-0.13749999999999998,0.61191406250000002,0.86249999999999993,580.5,419.5,607.5,459.5
366,0.6484375,-0.061816406250000011,-0.13749999999999998,0.71318359375000007,1.0875000000000001,32.5,909.5,63.5,958.5
367,0.55126953125,-0.063085937500000008,-0.13749999999999998,0.61191406250000002,0.93750000000000011,702.5,673.5,729.5,716.5
368,0.6484375,-0.061816406250000011,-0.13749999999999998,0.71318359375000007,1.0375000000000001,594.5,812.5,625.5,859.5
369,0.55126953125,-0.063867187500000006,-0.13749999999999998,0.63613281249999998,0.88750000000000007,754.5,543.5,782.5,584.5
370,0.6484375,-0.061816406250000011,-0.33749999999999997,0.71318359375000007,0.83750000000000002,626.5,812.5,657.5,859.5
371,0.55126953125,-0.060644531250000008,-0.33749999999999997,0.61435546875000002,0.66249999999999998,702.5,419.5,729.5,459.5
372,0.88720703125,-0.10224609375,-0.13749999999999998,0.99775390625000004,1.0375000000000001,658.5,812.5,702.5,859.5
373,0.75146484375,-0.11298828125,-0.13749999999999998,0.86201171875000004,0.88750000000000007,783.5,543.5,822.5,584.5
374,0.6005859375,-0.12568359374999999,-0.13749999999999998,0.72431640625000004,1.0375000000000001,735.5,812.5,769.5,859.5
375,0.47314453125,-0.12666015624999999,-0.36249999999999999,0.59833984375000004,0.88750000000000018,354.5,973.5,383.5,1023.5
376,0.6005859375,-0.12568359374999999,-0.13749999999999998,0.72431640625000004,1.0125000000000002,326.5,717.5,360.5,763.5
377,0.5986328125,-0.086718749999999997,-0.13749999999999998,0.68828125000000007,1.0375000000000001,770.5,812.5,801.5,859.5
378,0.49560546875,-0.084814453125000008,-0.13749999999999998,0.59018554687500002,0.88750000000000007,852.5,543.5,879.5,584.5
379,0.5986328125,-0.086718749999999997,-0.13749999999999998,0.68828125000000007,1.0125000000000002,361.5,717.5,392.5,763.5
380,0.49560546875,-0.084814453125000008,-0.13749999999999998,0.59018554687500002,0.86249999999999993,759.5,419.5,786.5,459.5
381,0.5986328125,-0.086718749999999997,-0.13749999999999998,0.68828125000000007,1.0375000000000001,802.5,812.5,833.5,859.5
382,0.49560546875,-0.084814453125000008,-0.13749999999999998,0.59018554687500002,0.88750000000000007,917.5,543.5,944.5,584.5
383,0.248046875,-0.054199218750000014,-0.13749999999999998,0.44580078125000006,0.88750000000000007,945.5,543.5,965.5,584.5
399,0.69091796875,-0.085400390625000003,-0.13749999999999998,0.76459960937500004,0.86249999999999993,787.5,419.5,821.5,459.5
402,0.34033203125,-0.1484375,-0.36249999999999999,0.47656250000000006,0.88750000000000018,384.5,973.5,409.5,1023.5
416,0.6865234375,-0.087011718750000008,-0.13749999999999998,0.83798828125000002,0.91249999999999998,28.5,627.5,65.5,669.5
417,0.5712890625,-0.082373046875000008,-0.13749999999999998,0.71762695312500002,0.71250000000000002,806.5,184.5,838.5,218.5
431,0.6953125,-0.058740234375000006,-0.13749999999999998,0.89125976562499998,0.88750000000000007,966.5,543.5,1004.5,584.5
432,0.61865234375,-0.063134765625000006,-0.13749999999999998,0.76186523437499998,0.71250000000000002,772.5,184.5,805.5,218.5
496,0.25146484375,-0.16567382812499998,-0.36249999999999999,0.40932617187500003,0.86250000000000004,64.5,909.5,87.5,958.5
506,0.65234375,-0.123583984375,-0.13749999999999998,0.77641601562500007,1.0875000000000001,88.5,909.5,124.5,958.5
507,0.5439453125,-0.078759765625000006,-0.13749999999999998,0.62124023437499998,0.93750000000000011,795.5,673.5,823.5,716.5
508,0.9345703125,-0.13217773437499999,-0.13749999999999998,1.0428222656249999,1.0375000000000001,834.5,812.5,881.5,859.5
509,0.84423828125,-0.088183593749999997,-0.13749999999999998,0.93681640625000007,0.88750000000000007,0.5,501.5,41.5,542.5
510,0.6875,-0.076611328125000003,-0.1875,0.77338867187500004,1.0625000000000002,410.5,973.5,444.5,1023.5
511,0.56640625,-0.090087890625,-0.21249999999999999,0.65991210937500011,0.88750000000000007,530.5,672.5,560.5,716.5
536,0.59326171875,-0.090136718749999997,-0.38750000000000001,0.68486328125000007,0.86250000000000016,445.5,973.5,476.5,1023.5
537,0.515625,-0.081152343750000008,-0.38750000000000001,0.59384765625000002,0.68750000000000011,824.5,673.5,851.5,716.5
538,0.5966796875,-0.10117187500000001,-0.38750000000000001,0.69882812500000002,0.83750000000000002,125.5,909.5,157.5,958.5
539,0.32666015625,-0.12680664062499999,-0.38750000000000001,0.42319335937500002,0.78749999999999998,882.5,812.5,904.5,859.5
567,0.25146484375,-0.16889648437499999,-0.36249999999999999,0.30610351562500004,0.66250000000000009,72.5,501.5,91.5,542.5
601,0.52685546875,-0.081689453125000006,-0.13749999999999998,0.61831054687499998,0.6875,37.5,145.5,65.5,178.5
700,0.19970703125,-0.108447265625,0.36249999999999999,0.29155273437500007,0.88749999999999996,235.5,56.5,251.5,77.5
710,0.470703125,-0.044775390625000008,0.46250000000000002,0.50522460937500002,0.88749999999999996,786.5,60.5,808.5,77.5
711,0.44384765625,-0.067773437500000006,0.46250000000000002,0.50722656249999998,0.88749999999999996,809.5,60.5,832.5,77.5
713,0.45849609375,-0.066601562500000003,0.48749999999999999,0.53339843750000004,0.83750000000000002,89.5,35.5,113.5,49.5
728,0.4267578125,-0.065771484375000008,0.46250000000000002,0.48422851562500002,0.86250000000000004,1001.5,362.5,1023.5,378.5
729,0.24267578125,-0.065185546875000014,0.48749999999999999,0.309814453125,0.86250000000000004,899.5,62.5,914.5,77.5
730,0.33447265625,-0.073437500000000003,0.46250000000000002,0.40156250000000004,0.9375,513.5,58.5,532.5,77.5
731,0.2705078125,-0.10214843750000001,-0.33749999999999997,0.32285156250000002,0.16250000000000009,1006.5,219.5,1023.5,239.5
732,0.4716796875,-0.067333984375000003,0.46250000000000002,0.53266601562500004,0.88749999999999996,650.5,60.5,674.5,77.5
733,0.373046875,-0.09130859375,0.46250000000000002,0.53369140625000011,0.88749999999999996,608.5,60.5,633.5,77.5
755,0.2939453125,-0.067236328125000008,-0.33749999999999997,0.35776367187500002,0.11250000000000004,1006.5,240.5,1023.5,258.5
768,0,-0.55415039062500004,0.46250000000000002,-0.079150390624999956,0.88749999999999996,701.5,60.5,720.5,77.5
769,0,-0.45649414062499999,0.46250000000000002,0.018505859375000044,0.88749999999999996,721.5,60.5,740.5,77.5
771,0,-0.55952148437500004,0.46250000000000002,0.040478515625000044,0.88749999999999996,741.5,60.5,765.5,77.5
777,0,-0.46591796874999997,0.46250000000000002,-0.040917968749999978,0.9375,533.5,58.5,550.5,77.5
783,0,-0.61376953125,0.46250000000000002,0.011230468750000111,0.88749999999999996,675.5,60.5,700.5,77.5
803,0,-0.481689453125,-0.3125,-0.106689453125,0.0625,883.5,62.5,898.5,77.5
900,0.25634765625,-0.042480468750000014,0.48749999999999999,0.33251953125,0.91249999999999998,634.5,60.5,649.5,77.5
901,0.50537109375,-0.077929687499999997,0.48749999999999999,0.57207031250000007,0.96250000000000002,997.5,199.5,1023.5,218.5
902,0.65234375,-0.123583984375,-0.13749999999999998,0.77641601562500007,0.91249999999999998,66.5,627.5,102.5,669.5
903,0.26123046875,-0.059570312500000014,0.16250000000000001,0.3154296875,0.53749999999999998,915.5,62.5,930.5,77.5
904,0.568359375,-0.23540039062499998,-0.13749999999999998,0.66459960937500007,0.91249999999999998,103.5,627.5,139.5,669.5
905,0.712890625,-0.234619140625,-0.13749999999999998,0.765380859375,0.91249999999999998,140.5,627.5,180.5,669.5
906,0.27197265625,-0.23105468749999999,-0.13749999999999998,0.31894531250000002,0.91249999999999998,181.5,627.5,203.5,669.5
908,0.697265625,-0.14926757812499999,-0.13749999999999998,0.77573242187500002,0.91249999999999998,204.5,627.5,241.5,669.5
910,0.6494140625,-0.25004882812500001,-0.13749999999999998,0.77495117187500007,0.91249999999999998,242.5,627.5,283.5,669.5
911,0.6748046875,-0.138671875,-0.13749999999999998,0.736328125,0.91249999999999998,284.5,627.5,319.5,669.5
912,0.32373046875,-0.18242187499999998,-0.13749999999999998,0.46757812500000007,0.93750000000000011,852.5,673.5,878.5,716.5
913,0.65234375,-0.123583984375,-0.13749999999999998,0.77641601562500007,0.83750000000000002,275.5,299.5,311.5,338.5
914,0.62255859375,-0.050537109375000014,-0.13749999999999998,0.699462890625,0.83750000000000002,353.5,299.5,383.5,338.5
915,0.55615234375,-0.045068359375000006,-0.13749999999999998,0.65493164062499998,0.83750000000000002,445.5,299.5,473.5,338.5
916,0.705078125,-0.11435546875000001,-0.13749999999999998,0.81064453125000002,0.83750000000000002,474.5,299.5,511.5,338.5
917,0.568359375,-0.054150390625000003,-0.13749999999999998,0.67084960937500004,0.83750000000000002,662.5,299.5,691.5,338.5
918,0.5986328125,-0.086718749999999997,-0.13749999999999998,0.68828125000000007,0.83750000000000002,841.5,299.5,872.5,338.5
919,0.712890625,-0.044287109375000008,-0.13749999999999998,0.75571289062500002,0.83750000000000002,142.5,259.5,174.5,298.5
920,0.68017578125,-0.076318359375000006,-0.13749999999999998,0.74868164062499998,0.86249999999999993,121.5,419.5,154.5,459.5
921,0.27197265625,-0.038769531250000003,-0.13749999999999998,0.31123046875000004,0.83750000000000002,334.5,259.5,348.5,298.5
922,0.626953125,-0.045019531250000008,-0.13749999999999998,0.75498046875000002,0.83750000000000002,540.5,259.5,572.5,298.5
923,0.6552734375,-0.112060546875,-0.13749999999999998,0.76293945312500011,0.83750000000000002,814.5,259.5,849.5,298.5
924,0.873046875,-0.051220703125000003,-0.13749999999999998,0.92377929687500004,0.83750000000000002,961.5,339.5,1000.5,378.5
925,0.712890625,-0.044287109375000008,-0.13749999999999998,0.75571289062500002,0.83750000000000002,902.5,420.5,934.5,459.5
926,0.57080078125,-0.075146484375000003,-0.13749999999999998,0.64985351562500004,0.83750000000000002,317.5,219.5,346.5,258.5
927,0.6875,-0.068994140625000006,-0.13749999999999998,0.75600585937499998,0.86249999999999993,970.5,460.5,1003.5,500.5
928,0.71337890625,-0.043798828125000008,-0.13749999999999998,0.75620117187500002,0.83750000000000002,379.5,219.5,411.5,258.5
929,0.630859375,-0.049365234375000011,-0.13749999999999998,0.72563476562500007,0.83750000000000002,412.5,219.5,443.5,258.5
931,0.57080078125,-0.091552734375,-0.13749999999999998,0.65844726562500011,0.83750000000000002,488.5,219.5,518.5,258.5
932,0.5966796875,-0.10117187500000001,-0.13749999999999998,0.69882812500000002,0.83750000000000002,701.5,219.5,733.5,258.5
933,0.6005859375,-0.12568359374999999,-0.13749999999999998,0.72431640625000004,0.83750000000000002,971.5,219.5,1005.5,258.5
934,0.71630859375,-0.090380859374999997,-0.13749999999999998,0.80961914062500007,0.83750000000000002,158.5,179.5,194.5,218.5
935,0.626953125,-0.098291015625000006,-0.13749999999999998,0.72670898437499998,0.83750000000000002,124.5,179.5,157.5,218.5
936,0.69189453125,-0.082470703125000003,-0.13749999999999998,0.76752929687500004,0.83750000000000002,195.5,179.5,229.5,218.5
937,0.6650390625,-0.072851562500000008,-0.13749999999999998,0.72714843750000002,0.86249999999999993,677.5,460.5,709.5,500.5
938,0.27197265625,-0.15004882812499998,-0.13749999999999998,0.42495117187500003,1.0125000000000002,393.5,717.5,416.5,763.5
939,0.6005859375,-0.12568359374999999,-0.13749999999999998,0.72431640625000004,1.0125000000000002,417.5,717.5,451.5,763.5
940,0.56494140625,-0.084033203124999997,-0.13749999999999998,0.69096679687500007,0.91249999999999998,320.5,627.5,351.5,669.5
941,0.5390625,-0.080712890625000006,-0.13749999999999998,0.61928710937499998,0.91249999999999998,352.5,627.5,380.5,669.5
942,0.56640625,-0.056005859375000008,-0.33749999999999997,0.61899414062500002,0.9125000000000002,477.5,973.5,504.5,1023.5
943,0.32373046875,-0.034082031250000006,-0.13749999999999998,0.41591796875000003,0.91249999999999998,381.5,627.5,399.5,669.5
944,0.54541015625,-0.067529296875000006,-0.13749999999999998,0.63247070312499998,0.93750000000000011,879.5,673.5,907.5,716.5
945,0.56494140625,-0.084033203124999997,-0.13749999999999998,0.69096679687500007,0.6875,933.5,145.5,964.5,178.5
946,0.59228515625,-0.054638671875000003,-0.3125,0.67036132812500004,0.86250000000000004,905.5,812.5,934.5,859.5
947,0.5009765625,-0.109326171875,-0.33749999999999997,0.61567382812500004,0.66249999999999998,379.5,460.5,408.5,500.5
948,0.56640625,-0.079541015625000003,-0.13749999999999998,0.64545898437500004,0.91249999999999998,451.5,627.5,480.5,669.5
949,0.5390625,-0.080712890625000006,-0.13749999999999998,0.61928710937499998,0.6875,904.5,145.5,932.5,178.5
950,0.51806640625,-0.075781250000000008,-0.3125,0.59921875000000002,0.83750000000000013,452.5,717.5,479.5,763.5
951,0.56640625,-0.056005859375000008,-0.33749999999999997,0.61899414062500002,0.68750000000000011,193.5,501.5,220.5,542.5
952,0.5693359375,-0.065820312500000006,-0.13749999999999998,0.63417968749999998,0.86249999999999993,222.5,460.5,250.5,500.5
953,0.32373046875,-0.034082031250000006,-0.13749999999999998,0.41591796875000003,0.66249999999999998,0.5,78.5,18.5,110.5
954,0.55615234375,-0.059521484375000003,-0.13749999999999998,0.66547851562500004,0.66249999999999998,51.5,78.5,80.5,110.5
955,0.5537109375,-0.1140625,-0.13749999999999998,0.66093750000000007,0.88750000000000007,221.5,501.5,252.5,542.5
956,0.56640625,-0.054296875000000008,-0.33749999999999997,0.62070312500000002,0.66249999999999998,112.5,460.5,139.5,500.5
957,0.484375,-0.10903320312500001,-0.13749999999999998,0.59096679687499998,0.66249999999999998,540.5,78.5,568.5,110.5
958,0.490234375,-0.084082031250000008,-0.33749999999999997,0.59091796875000002,0.86250000000000016,677.5,910.5,704.5,958.5
959,0.5703125,-0.090087890625,-0.13749999999999998,0.65991210937500011,0.6875,616.5,145.5,646.5,178.5
960,0.595703125,-0.11245117187500001,-0.13749999999999998,0.71254882812499998,0.66249999999999998,632.5,78.5,665.5,110.5
961,0.56640625,-0.057031250000000006,-0.33749999999999997,0.64296874999999998,0.68750000000000011,253.5,501.5,281.5,542.5
962,0.53759765625,-0.082910156250000006,-0.3125,0.61708984374999998,0.6875,945.5,502.5,973.5,542.5
963,0.56640625,-0.084033203124999997,-0.13749999999999998,0.69096679687500007,0.66249999999999998,19.5,78.5,50.5,110.5
964,0.521484375,-0.089746093750000006,-0.13749999999999998,0.61025390624999998,0.66249999999999998,914.5,112.5,942.5,144.5
965,0.54541015625,-0.067529296875000006,-0.13749999999999998,0.63247070312499998,0.66249999999999998,855.5,112.5,883.5,144.5
966,0.70458984375,-0.085205078125,-0.36249999999999999,0.78979492187500011,0.66250000000000009,282.5,501.5,317.5,542.5
967,0.49560546875,-0.1111328125,-0.36249999999999999,0.66386718750000007,0.66250000000000009,318.5,501.5,349.5,542.5
968,0.7001953125,-0.08544921875,-0.36249999999999999,0.78955078125000011,0.66250000000000009,350.5,501.5,385.5,542.5
969,0.82373046875,-0.076611328125000003,-0.13749999999999998,0.89838867187500004,0.66249999999999998,598.5,112.5,637.5,144.5
970,0.32373046875,-0.14223632812499998,-0.13749999999999998,0.43276367187500003,0.83750000000000002,185.5,379.5,208.5,418.5
971,0.54541015625,-0.067529296875000006,-0.13749999999999998,0.63247070312499998,0.83750000000000002,156.5,379.5,184.5,418.5
972,0.5703125,-0.090087890625,-0.13749999999999998,0.65991210937500011,0.91249999999999998,481.5,627.5,511.5,669.5
973,0.54541015625,-0.067529296875000006,-0.13749999999999998,0.63247070312499998,0.91249999999999998,512.5,627.5,540.5,669.5
974,0.82373046875,-0.076611328125000003,-0.13749999999999998,0.89838867187500004,0.91249999999999998,541.5,627.5,580.5,669.5
977,0.57861328125,-0.06591796875,-0.13749999999999998,0.68408203125000011,0.86249999999999993,542.5,502.5,572.5,542.5
978,0.5322265625,-0.14492187499999998,-0.13749999999999998,0.68007812500000009,0.86249999999999993,508.5,502.5,541.5,542.5
982,0.78515625,-0.100341796875,-0.13749999999999998,0.899658203125,0.66249999999999998,366.5,112.5,406.5,144.5
1024,0.568359375,-0.054150390625000003,-0.13749999999999998,0.67084960937500004,1.0375000000000001,935.5,812.5,964.5,859.5
1025,0.568359375,-0.054150390625000003,-0.13749999999999998,0.67084960937500004,1.0125000000000002,480.5,717.5,509.5,763.5
1026,0.74951171875,-0.10903320312500001,-0.13749999999999998,0.84096679687499998,0.83750000000000002,316.5,379.5,354.5,418.5
1027,0.55615234375,-0.045068359375000006,-0.13749999999999998,0.65493164062499998,1.0375000000000001,995.5,812.5,1023.5,859.5
1028,0.673828125,-0.066259765625000008,-0.13749999999999998,0.73374023437500002,0.86249999999999993,831.5,502.5,863.5,542.5
1029,0.59326171875,-0.090136718749999997,-0.13749999999999998,0.68486328125000007,0.86249999999999993,974.5,502.5,1005.5,542.5
1030,0.27197265625,-0.038769531250000003,-0.13749999999999998,0.31123046875000004,0.83750000000000002,569.5,299.5,583.5,338.5
1031,0.27197265625,-0.15004882812499998,-0.13749999999999998,0.42495117187500003,1.0125000000000002,510.5,717.5,533.5,763.5
1032,0.5517578125,-0.099755859375000006,-0.13749999999999998,0.60024414062499998,0.83750000000000002,908.5,219.5,936.5,258.5
1033,1.07080078125,-0.1111328125,-0.13749999999999998,1.1638671875000002,0.83750000000000002,223.5,299.5,274.5,338.5
1034,1.080078125,-0.050488281250000003,-0.13749999999999998,1.17451171875,0.83750000000000002,589.5,339.5,638.5,378.5
1035,0.8134765625,-0.095605468750000006,-0.13749999999999998,0.85439453124999998,0.83750000000000002,246.5,379.5,284.5,418.5
1036,0.626953125,-0.045019531250000008,-0.13749999999999998,0.75498046875000002,1.0375000000000001,0.5,764.5,32.5,811.5
1037,0.712890625,-0.044531250000000008,-0.13749999999999998,0.75546875000000002,1.0375000000000001,33.5,764.5,65.5,811.5
1038,0.62841796875,-0.094140625000000006,-0.13749999999999998,0.73085937499999998,1.0375000000000001,66.5,764.5,99.5,811.5
1039,0.712890625,-0.044775390625000008,-0.3125,0.75522460937500002,0.83750000000000013,571.5,717.5,603.5,763.5
1040,0.65234375,-0.123583984375,-0.13749999999999998,0.77641601562500007,0.83750000000000002,865.5,379.5,901.5,418.5
1041,0.63037109375,-0.054736328125000011,-0.13749999999999998,0.72026367187500007,0.83750000000000002,902.5,379.5,933.5,418.5
1042,0.62255859375,-0.050537109375000014,-0.13749999999999998,0.699462890625,0.83750000000000002,934.5,379.5,964.5,418.5
1043,0.55615234375,-0.045068359375000006,-0.13749999999999998,0.65493164062499998,0.83750000000000002,0.5,339.5,28.5,378.5
1044,0.751953125,-0.10122070312500001,-0.3125,0.84877929687499998,0.83750000000000013,640.5,717.5,678.5,763.5
1045,0.568359375,-0.054150390625000003,-0.13749999999999998,0.67084960937500004,0.83750000000000002,168.5,339.5,197.5,378.5
1046,0.90771484375,-0.11796875,-0.13749999999999998,1.0320312500000002,0.83750000000000002,317.5,339.5,363.5,378.5
1047,0.59326171875,-0.092089843749999997,-0.13749999999999998,0.68291015625000007,0.86249999999999993,548.5,419.5,579.5,459.5
1048,0.712890625,-0.044531250000000008,-0.13749999999999998,0.75546875000000002,0.83750000000000002,813.5,339.5,845.5,378.5
1049,0.712890625,-0.044531250000000008,-0.13749999999999998,0.75546875000000002,1.0375000000000001,100.5,764.5,132.5,811.5
1050,0.642578125,-0.049462890625000006,-0.13749999999999998,0.77553710937499998,0.83750000000000002,874.5,339.5,907.5,378.5
1051,0.70751953125,-0.103466796875,-0.13749999999999998,0.74653320312500004,0.83750000000000002,96.5,299.5,130.5,338.5
1052,0.873046875,-0.051220703125000003,-0.13749999999999998,0.92377929687500004,0.83750000000000002,458.5,259.5,497.5,298.5
1053,0.712890625,-0.044287109375000008,-0.13749999999999998,0.75571289062500002,0.83750000000000002,63.5,299.5,95.5,338.5
1054,0.6875,-0.068994140625000006,-0.13749999999999998,0.75600585937499998,0.86249999999999993,359.5,419.5,392.5,459.5
1055,0.71337890625,-0.043798828125000008,-0.13749999999999998,0.75620117187500002,0.83750000000000002,384.5,299.5,416.5,338.5
1056,0.630859375,-0.049365234375000011,-0.13749999999999998,0.72563476562500007,0.83750000000000002,630.5,299.5,661.5,338.5
1057,0.65087890625,-0.068212890625000008,-0.13749999999999998,0.73178710937500002,0.86249999999999993,186.5,419.5,218.5,459.5
1058,0.5966796875,-0.10117187500000001,-0.13749999999999998,0.69882812500000002,0.83750000000000002,808.5,299.5,840.5,338.5
1059,0.62841796875,-0.094140625000000006,-0.13749999999999998,0.73085937499999998,0.83750000000000002,936.5,299.5,969.5,338.5
1060,0.771484375,-0.086816406250000006,-0.16249999999999998,0.86318359374999998,0.88749999999999996,581.5,627.5,619.5,669.5
1061,0.626953125,-0.098291015625000006,-0.13749999999999998,0.72670898437499998,0.83750000000000002,0.5,259.5,33.5,298.5
1062,0.73095703125,-0.045410156250000014,-0.3125,0.82958984375,0.83750000000000013,716.5,717.5,751.5,763.5
1063,0.6845703125,-0.052050781250000011,-0.13749999999999998,0.72294921875000007,0.83750000000000002,673.5,259.5,704.5,298.5
1064,0.94091796875,-0.042041015625000011,-0.13749999999999998,0.98295898437500007,0.83750000000000002,733.5,259.5,774.5,298.5
1065,0.96875,-0.043652343750000003,-0.3125,1.05634765625,0.83750000000000013,752.5,717.5,796.5,763.5
1066,0.7587890625,-0.12617187499999999,-0.13749999999999998,0.84882812500000004,0.83750000000000002,238.5,219.5,277.5,258.5
1067,0.86474609375,-0.044824218750000006,-0.13749999999999998,0.90517578124999998,0.83750000000000002,278.5,219.5,316.5,258.5
1068,0.62744140625,-0.054492187500000011,-0.13749999999999998,0.72050781250000007,0.83750000000000002,347.5,219.5,378.5,258.5
1069,0.673828125,-0.054541015625000008,-0.13749999999999998,0.74545898437500002,0.86249999999999993,879.5,460.5,911.5,500.5
1070,0.89404296875,-0.039599609375000011,-0.13749999999999998,0.98540039062500007,0.86249999999999993,837.5,460.5,878.5,500.5
1071,0.63671875,-0.091357421874999997,-0.13749999999999998,0.68364257812500007,0.83750000000000002,555.5,219.5,586.5,258.5
1072,0.5439453125,-0.078759765625000006,-0.13749999999999998,0.62124023437499998,0.6875,66.5,145.5,94.5,178.5
1073,0.552734375,-0.079052734375000003,-0.13749999999999998,0.64594726562500004,0.88750000000000007,0.5,543.5,29.5,584.5
1074,0.5712890625,-0.051660156250000006,-0.13749999999999998,0.64833984374999998,0.66249999999999998,751.5,78.5,779.5,110.5
1075,0.41943359375,-0.057568359375000003,-0.13749999999999998,0.54243164062500004,0.66249999999999998,443.5,78.5,467.5,110.5
1076,0.603515625,-0.10288085937500001,-0.28749999999999998,0.69711914062500002,0.66250000000000009,394.5,180.5,426.5,218.5
1077,0.52978515625,-0.080468750000000006,-0.13749999999999998,0.61953124999999998,0.6875,867.5,185.5,895.5,218.5
1078,0.765625,-0.11889648437500001,-0.13749999999999998,0.881103515625,0.66249999999999998,452.5,112.5,492.5,144.5
1079,0.5078125,-0.086523437500000008,-0.13749999999999998,0.58847656250000002,0.6875,839.5,185.5,866.5,218.5
1080,0.5771484375,-0.049169921875000008,-0.13749999999999998,0.62583007812500002,0.66249999999999998,570.5,112.5,597.5,144.5
1081,0.5771484375,-0.049169921875000008,-0.13749999999999998,0.62583007812500002,0.86249999999999993,649.5,460.5,676.5,500.5
1082,0.5400390625,-0.059033203125000003,-0.13749999999999998,0.66596679687500004,0.66249999999999998,884.5,112.5,913.5,144.5
1083,0.578125,-0.11352539062500001,-0.13749999999999998,0.636474609375,0.66249999999999998,523.5,112.5,553.5,144.5
1084,0.74169921875,-0.054150390625000003,-0.13749999999999998,0.79584960937500004,0.66249999999999998,597.5,78.5,631.5,110.5
1085,0.57666015625,-0.049414062500000008,-0.13749999999999998,0.62558593750000002,0.66249999999999998,666.5,112.5,693.5,144.5
1086,0.5703125,-0.090087890625,-0.13749999999999998,0.65991210937500011,0.6875,966.5,185.5,996.5,218.5
1087,0.5771484375,-0.049169921875000008,-0.13749999999999998,0.62583007812500002,0.66249999999999998,638.5,112.5,665.5,144.5
1088,0.56103515625,-0.058496093750000006,-0.33749999999999997,0.64150390624999998,0.68750000000000011,565.5,585.5,593.5,626.5
1089,0.5234375,-0.082421875000000006,-0.13749999999999998,0.61757812499999998,0.6875,229.5,145.5,257.5,178.5
1090,0.48046875,-0.10976562500000001,-0.13749999999999998,0.59023437499999998,0.66249999999999998,273.5,78.5,301.5,110.5
1091,0.47314453125,-0.12666015624999999,-0.36249999999999999,0.59833984375000004,0.66250000000000009,492.5,585.5,521.5,626.5
1092,0.72509765625,-0.087451171874999997,-0.33749999999999997,0.81254882812500007,0.88750000000000007,158.5,909.5,194.5,958.5
1093,0.49560546875,-0.115673828125,-0.13749999999999998,0.60932617187500004,0.66249999999999998,413.5,78.5,442.5,110.5
1094,0.59228515625,-0.055175781250000014,-0.28749999999999998,0.69482421875,0.66250000000000009,468.5,180.5,498.5,218.5
1095,0.54345703125,-0.078710937500000008,-0.13749999999999998,0.59628906250000002,0.66249999999999998,996.5,146.5,1023.5,178.5
1096,0.80859375,-0.057226562500000008,-0.13749999999999998,0.86777343750000002,0.66249999999999998,109.5,112.5,146.5,144.5
1097,0.8271484375,-0.062988281250000014,-0.28749999999999998,0.93701171875,0.66250000000000009,427.5,180.5,467.5,218.5
1098,0.62060546875,-0.121044921875,-0.13749999999999998,0.72895507812500004,0.66249999999999998,207.5,112.5,241.5,144.5
1099,0.7763671875,-0.055664062500000014,-0.13749999999999998,0.8193359375,0.66249999999999998,978.5,112.5,1013.5,144.5
1100,0.54296875,-0.049902343750000008,-0.13749999999999998,0.62509765625000002,0.66249999999999998,724.5,112.5,751.5,144.5
1101,0.53759765625,-0.083398437500000006,-0.13749999999999998,0.61660156249999998,0.6875,332.5,145.5,360.5,178.5
1102,0.81591796875,-0.049951171875000006,-0.13749999999999998,0.90004882812499998,0.6875,865.5,145.5,903.5,178.5
1103,0.548828125,-0.10244140625000001,-0.13749999999999998,0.59755859374999998,0.66249999999999998,29.5,112.5,57.5,144.5
1104,0.52978515625,-0.080468750000000006,-0.13749999999999998,0.61953124999999998,0.88750000000000007,110.5,585.5,138.5,626.5
1105,0.52978515625,-0.080468750000000006,-0.13749999999999998,0.61953124999999998,0.86249999999999993,140.5,460.5,168.5,500.5
1106,0.55078125,-0.138916015625,-0.36249999999999999,0.611083984375,0.88750000000000018,505.5,973.5,535.5,1023.5
1107,0.41943359375,-0.057568359375000003,-0.13749999999999998,0.54243164062500004,0.88750000000000007,30.5,585.5,54.5,626.5
1108,0.53759765625,-0.077050781250000006,-0.13749999999999998,0.62294921874999998,0.6875,753.5,145.5,781.5,178.5
1109,0.515625,-0.081152343750000008,-0.13749999999999998,0.59384765625000002,0.6875,647.5,145.5,674.5,178.5
1110,0.24267578125,-0.065185546875000014,-0.13749999999999998,0.309814453125,0.86249999999999993,1006.5,502.5,1021.5,542.5
1111,0.2470703125,-0.16274414062499998,-0.13749999999999998,0.41225585937500003,0.86249999999999993,47.5,460.5,70.5,500.5
1112,0.23876953125,-0.16914062499999999,-0.36249999999999999,0.30585937500000004,0.86250000000000004,195.5,909.5,214.5,958.5
1113,0.84814453125,-0.10776367187500001,-0.13749999999999998,0.94223632812500002,0.66249999999999998,666.5,78.5,708.5,110.5
1114,0.861328125,-0.058642578125000011,-0.13749999999999998,0.96635742187500007,0.66249999999999998,709.5,78.5,750.5,110.5
1115,0.56689453125,-0.1337890625,-0.13749999999999998,0.6162109375,0.88750000000000007,842.5,628.5,872.5,669.5
1116,0.5400390625,-0.059033203125000003,-0.13749999999999998,0.66596679687500004,0.88750000000000007,812.5,628.5,841.5,669.5
1117,0.5771484375,-0.049169921875000008,-0.13749999999999998,0.62583007812500002,0.88750000000000007,784.5,628.5,811.5,669.5
1118,0.47314453125,-0.12666015624999999,-0.36249999999999999,0.59833984375000004,0.86250000000000004,215.5,909.5,244.5,958.5
1119,0.5771484375,-0.049169921875000008,-0.3125,0.62583007812500002,0.66250000000000009,417.5,299.5,444.5,338.5
1120,0.87890625,-0.058349609375000014,-0.13749999999999998,0.941650390625,0.83750000000000002,312.5,299.5,352.5,338.5
1121,0.77099609375,-0.063769531250000011,-0.13749999999999998,0.83623046875000007,0.66249999999999998,109.5,78.5,145.5,110.5
1122,0.62744140625,-0.155029296875,-0.13749999999999998,0.719970703125,0.83750000000000002,968.5,420.5,1003.5,459.5
1123,0.5419921875,-0.14726562499999998,-0.13749999999999998,0.62773437500000007,0.88750000000000007,381.5,543.5,412.5,584.5
1124,0.89599609375,-0.041259765625000014,-0.13749999999999998,0.958740234375,0.86249999999999993,573.5,502.5,613.5,542.5
1125,0.74609375,-0.060839843750000011,-0.13749999999999998,0.83916015625000007,0.6875,0.5,145.5,36.5,178.5
1126,0.6025390625,-0.1095703125,-0.13749999999999998,0.74042968750000004,0.83750000000000002,0.5,379.5,34.5,418.5
1127,0.5341796875,-0.1248046875,-0.13749999999999998,0.65019531250000007,0.66249999999999998,175.5,112.5,206.5,144.5
1128,0.88037109375,-0.028613281250000008,-0.13749999999999998,0.99638671875000007,0.83750000000000002,498.5,259.5,539.5,298.5
1129,0.75537109375,-0.035937500000000011,-0.13749999999999998,0.86406250000000007,0.66249999999999998,336.5,78.5,372.5,110.5
1130,0.85205078125,-0.061230468750000003,-0.13749999999999998,0.91376953125000004,0.83750000000000002,835.5,219.5,874.5,258.5
1131,0.73486328125,-0.057568359375000003,-0.13749999999999998,0.79243164062500004,0.66249999999999998,943.5,112.5,977.5,144.5
1132,1.126953125,-0.040234375000000003,-0.13749999999999998,1.184765625,0.83750000000000002,131.5,299.5,180.5,338.5
1133,0.97705078125,-0.060253906250000003,-0.13749999999999998,1.03974609375,0.66249999999999998,407.5,112.5,451.5,144.5
1134,0.51708984375,-0.088964843750000008,-0.36249999999999999,0.58603515625000002,1.0875000000000001,49.5,965.5,76.5,1023.5
1135,0.48193359375,-0.090136718749999997,-0.36249999999999999,0.55986328125000007,0.91250000000000009,203.5,972.5,229.5,1023.5
1136,0.69189453125,-0.082470703125000003,-0.13749999999999998,0.76752929687500004,0.83750000000000002,639.5,339.5,673.5,378.5
1137,0.7001953125,-0.08544921875,-0.36249999999999999,0.78955078125000011,0.66250000000000009,92.5,501.5,127.5,542.5
1138,0.68017578125,-0.076318359375000006,-0.13749999999999998,0.74868164062499998,0.86249999999999993,640.5,419.5,673.5,459.5
1139,0.56787109375,-0.090087890625,-0.13749999999999998,0.65991210937500011,0.6875,166.5,145.5,196.5,178.5
1140,0.6298828125,-0.115673828125,-0.13749999999999998,0.73432617187500004,0.86249999999999993,453.5,419.5,487.5,459.5
1141,0.50146484375,-0.111083984375,-0.13749999999999998,0.63891601562500011,0.6875,485.5,145.5,515.5,178.5
1142,0.6298828125,-0.115673828125,-0.13749999999999998,0.73432617187500004,1.0125000000000002,797.5,717.5,831.5,763.5
1143,0.50146484375,-0.13603515624999998,-0.13749999999999998,0.63896484375000007,0.86249999999999993,533.5,460.5,564.5,500.5
1144,1.16064453125,-0.071972656250000003,-0.36249999999999999,1.27802734375,0.86250000000000004,245.5,909.5,299.5,958.5
1145,1.04345703125,-0.087158203125,-0.36249999999999999,1.1628417968750002,0.6875,400.5,627.5,450.5,669.5
1146,0.68017578125,-0.076318359375000006,-0.21249999999999999,0.74868164062499998,0.91249999999999998,384.5,671.5,417.5,716.5
1147,0.56640625,-0.090087890625,-0.1875,0.65991210937500011,0.73750000000000004,541.5,181.5,571.5,218.5
1148,0.87548828125,-0.059814453125000014,-0.13749999999999998,0.940185546875,1.0625000000000002,705.5,910.5,745.5,958.5
1149,0.767578125,-0.065234374999999997,-0.13749999999999998,0.83476562500000007,0.88750000000000007,880.5,543.5,916.5,584.5
1150,0.87890625,-0.058349609375000014,-0.13749999999999998,0.941650390625,1.0125000000000002,832.5,717.5,872.5,763.5
1151,0.77099609375,-0.063769531250000011,-0.13749999999999998,0.83623046875000007,0.83750000000000002,394.5,339.5,430.5,378.5
1152,0.6494140625,-0.075537109375000008,-0.3125,0.72446289062500002,0.86250000000000004,182.5,764.5,214.5,811.5
1153,0.53466796875,-0.083398437500000006,-0.3125,0.61660156249999998,0.6875,393.5,419.5,421.5,459.5
1154,0.62353515625,-0.074023437499999997,-0.13749999999999998,0.70097656250000007,0.78749999999999998,619.5,181.5,650.5,218.5
1155,0,-0.57783203125000004,0.4375,0.022167968750000044,0.88749999999999996,551.5,59.5,575.5,77.5
1156,0,-0.572998046875,0.48749999999999999,0.052001953125000111,0.88749999999999996,833.5,61.5,858.5,77.5
1157,0,-0.45458984375,0.48749999999999999,-0.07958984375,0.9375,576.5,59.5,591.5,77.5
1158,0,-0.424072265625,0.48749999999999999,-0.049072265625,0.9375,592.5,59.5,607.5,77.5
1160,0,-0.87397460937500004,-0.28749999999999998,0.35102539062500004,0.83749999999999991,418.5,671.5,467.5,716.5
1161,0,-0.86313476562500002,-0.33749999999999997,0.31186523437500002,0.86250000000000016,746.5,910.5,793.5,958.5
1162,0.75439453125,-0.050585937500000011,-0.3125,0.84941406250000007,1.0125000000000002,77.5,970.5,113.5,1023.5
1163,0.61572265625,-0.055224609375000011,-0.3125,0.71977539062500007,0.86250000000000004,215.5,764.5,246.5,811.5
1164,0.62744140625,-0.155029296875,-0.13749999999999998,0.719970703125,0.83750000000000002,723.5,299.5,758.5,338.5
1165,0.5419921875,-0.14726562499999998,-0.13749999999999998,0.62773437500000007,0.93750000000000011,763.5,673.5,794.5,716.5
1166,0.63818359375,-0.043994140625000011,-0.13749999999999998,0.73100585937500007,0.83750000000000002,557.5,339.5,588.5,378.5
1167,0.56689453125,-0.057275390625000006,-0.33749999999999997,0.64272460937499998,0.68750000000000011,663.5,543.5,691.5,584.5
1168,0.54833984375,-0.051904296875000006,-0.13749999999999998,0.64809570312499998,1.0125000000000002,950.5,717.5,978.5,763.5
1169,0.4453125,-0.060986328125000003,-0.13749999999999998,0.53901367187500004,0.8125,230.5,180.5,254.5,218.5
1170,0.55615234375,-0.12504882812499998,-0.13749999999999998,0.64995117187500007,0.83750000000000002,762.5,219.5,793.5,258.5
1171,0.41943359375,-0.13364257812499999,-0.13749999999999998,0.54135742187500002,0.66249999999999998,569.5,78.5,596.5,110.5
1172,0.60693359375,-0.039013671875000003,-0.28749999999999998,0.68598632812500004,0.83749999999999991,113.5,671.5,142.5,716.5
1173,0.50244140625,-0.055712890625000011,-0.28749999999999998,0.59428710937500007,0.66250000000000009,303.5,180.5,329.5,218.5
1174,0.9541015625,-0.12416992187499999,-0.3125,1.0758300781250001,0.83750000000000013,0.5,670.5,48.5,716.5
1175,0.79736328125,-0.11748046875,-0.3125,0.90751953125000007,0.66250000000000009,275.5,339.5,316.5,378.5
1176,0.59326171875,-0.092089843749999997,-0.33749999999999997,0.68291015625000007,0.86250000000000016,794.5,910.5,825.5,958.5
1177,0.5078125,-0.086523437500000008,-0.33749999999999997,0.58847656250000002,0.68750000000000011,128.5,501.5,155.5,542.5
1178,0.7001953125,-0.039941406250000006,-0.3125,0.78505859374999998,0.83750000000000013,916.5,717.5,949.5,763.5
1179,0.58984375,-0.055419921875000014,-0.3125,0.694580078125,0.66250000000000009,94.5,339.5,124.5,378.5
1180,0.62939453125,-0.047949218750000008,-0.13749999999999998,0.75205078125000002,0.83750000000000002,875.5,219.5,907.5,258.5
1181,0.5615234375,-0.056396484375000014,-0.13749999999999998,0.693603515625,0.66249999999999998,509.5,78.5,539.5,110.5
1182,0.65234375,-0.14023437499999999,-0.13749999999999998,0.78476562500000002,0.83750000000000002,635.5,259.5,672.5,298.5
1183,0.51904296875,-0.16860351562499998,-0.13749999999999998,0.65639648437500009,0.88750000000000007,692.5,543.5,725.5,584.5
1184,0.818359375,-0.099462890625000008,-0.13749999999999998,0.95053710937500002,0.83750000000000002,125.5,339.5,167.5,378.5
1185,0.68896484375,-0.10434570312500001,-0.13749999999999998,0.82065429687500002,0.66249999999999998,817.5,112.5,854.5,144.5
1186,0.74951171875,-0.042480468750000014,-0.3125,0.83251953125,0.83750000000000013,604.5,717.5,639.5,763.5
1187,0.60595703125,-0.059863281250000011,-0.3125,0.71513671875000007,0.66250000000000009,486.5,379.5,517.5,418.5
1188,0.97607421875,-0.051757812500000014,-0.13749999999999998,1.0732421875,0.83750000000000002,584.5,299.5,629.5,338.5
1189,0.712890625,-0.063964843750000014,-0.13749999999999998,0.81103515625,0.66249999999999998,58.5,112.5,93.5,144.5
1190,1.02392578125,-0.044482421875000011,-0.28749999999999998,1.1055175781250002,0.83749999999999991,337.5,671.5,383.5,716.5
1191,0.869140625,-0.059130859375000011,-0.28749999999999998,0.96586914062500007,0.66250000000000009,499.5,180.5,540.5,218.5
1192,0.7412109375,-0.070361328124999997,-0.16249999999999998,0.82963867187500007,0.86250000000000004,156.5,501.5,192.5,542.5
1193,0.60302734375,-0.072802734374999997,-0.13749999999999998,0.70219726562500007,0.6875,197.5,145.5,228.5,178.5
1194,0.65087890625,-0.068212890625000008,-0.33749999999999997,0.73178710937500002,0.86250000000000016,826.5,910.5,858.5,958.5
1195,0.5234375,-0.082421875000000006,-0.33749999999999997,0.61757812499999998,0.68750000000000011,823.5,543.5,851.5,584.5
1196,0.5966796875,-0.10117187500000001,-0.3125,0.69882812500000002,0.83750000000000013,293.5,717.5,325.5,763.5
1197,0.48046875,-0.10976562500000001,-0.3125,0.59023437499999998,0.66250000000000009,500.5,339.5,528.5,378.5
1198,0.6005859375,-0.12568359374999999,-0.13749999999999998,0.72431640625000004,0.83750000000000002,778.5,339.5,812.5,378.5
1199,0.5009765625,-0.109326171875,-0.33749999999999997,0.61567382812500004,0.66249999999999998,488.5,419.5,517.5,459.5
1200,0.6005859375,-0.12568359374999999,-0.13749999999999998,0.72431640625000004,0.83750000000000002,28.5,299.5,62.5,338.5
1201,0.5009765625,-0.109326171875,-0.33749999999999997,0.61567382812500004,0.66249999999999998,219.5,419.5,248.5,459.5
1202,0.63671875,-0.100537109375,-0.3125,0.74946289062500004,0.83750000000000013,79.5,717.5,113.5,763.5
1203,0.5205078125,-0.11352539062500001,-0.3125,0.636474609375,0.66250000000000009,265.5,259.5,295.5,298.5
1204,0.896484375,-0.10141601562500001,-0.3125,0.94858398437500002,0.83750000000000013,0.5,717.5,42.5,763.5
1205,0.669921875,-0.112060546875,-0.28749999999999998,0.76293945312500011,0.66250000000000009,330.5,180.5,365.5,218.5
1206,0.716796875,-0.063232421875000014,-0.3125,0.811767578125,0.83750000000000013,43.5,717.5,78.5,763.5
1207,0.5732421875,-0.07666015625,-0.3125,0.67333984375000011,0.66250000000000009,692.5,299.5,722.5,338.5
1208,0.67919921875,-0.052050781250000011,-0.13749999999999998,0.72294921875000007,0.83750000000000002,233.5,259.5,264.5,298.5
1209,0.5517578125,-0.065039062500000008,-0.13749999999999998,0.60996093750000002,0.66249999999999998,147.5,112.5,174.5,144.5
1210,0.67919921875,-0.058642578125000011,-0.13749999999999998,0.71635742187500007,0.83750000000000002,426.5,259.5,457.5,298.5
1211,0.55078125,-0.061376953125000008,-0.13749999999999998,0.61362304687500002,0.88750000000000007,309.5,543.5,336.5,584.5
1212,0.77294921875,-0.10097656250000001,-0.13749999999999998,0.84902343749999998,0.86249999999999993,0.5,419.5,38.5,459.5
1213,0.59228515625,-0.14663085937499998,-0.13749999999999998,0.67836914062500009,0.6875,782.5,145.5,815.5,178.5
1214,0.77294921875,-0.10097656250000001,-0.33749999999999997,0.84902343749999998,0.86250000000000016,859.5,910.5,897.5,958.5
1215,0.59228515625,-0.14663085937499998,-0.33749999999999997,0.67836914062500009,0.68750000000000011,132.5,543.5,165.5,584.5
1216,0.27197265625,-0.038769531250000003,-0.13749999999999998,0.31123046875000004,0.83750000000000002,473.5,219.5,487.5,258.5
1217,0.90771484375,-0.11796875,-0.13749999999999998,1.0320312500000002,1.0375000000000001,247.5,764.5,293.5,811.5
1218,0.765625,-0.11889648437500001,-0.13749999999999998,0.881103515625,0.86249999999999993,738.5,460.5,778.5,500.5
1219,0.62939453125,-0.047900390625000011,-0.28749999999999998,0.72709960937500007,0.83749999999999991,143.5,671.5,174.5,716.5
1220,0.5439453125,-0.056298828125000006,-0.26250000000000001,0.64370117187499998,0.66249999999999998,687.5,181.5,715.5,218.5
1221,0.7490234375,-0.11000976562500001,-0.3125,0.83999023437499998,0.83750000000000013,520.5,765.5,558.5,811.5
1222,0.61669921875,-0.10708007812500001,-0.3125,0.71791992187499998,0.66250000000000009,168.5,219.5,201.5,258.5
1223,0.7119140625,-0.044775390625000008,-0.36249999999999999,0.75522460937500002,0.83750000000000013,898.5,910.5,930.5,958.5
1224,0.56640625,-0.054785156250000008,-0.36249999999999999,0.62021484375000002,0.66250000000000009,139.5,585.5,166.5,626.5
1225,0.7587890625,-0.050585937500000011,-0.3125,0.84941406250000007,0.83750000000000013,395.5,765.5,431.5,811.5
1226,0.615234375,-0.055468750000000011,-0.3125,0.71953125000000007,0.66250000000000009,175.5,259.5,206.5,298.5
1227,0.6845703125,-0.052050781250000011,-0.3125,0.72294921875000007,0.83750000000000013,326.5,765.5,357.5,811.5
1228,0.54345703125,-0.078710937500000008,-0.3125,0.59628906250000002,0.66250000000000009,734.5,219.5,761.5,258.5
1229,0.91357421875,-0.047949218750000008,-0.3125,1.0020507812499999,0.83750000000000013,873.5,717.5,915.5,763.5
1230,0.7802734375,-0.059960937500000006,-0.3125,0.89003906249999998,0.66250000000000009,739.5,339.5,777.5,378.5
1231,0.27197265625,-0.038769531250000003,-0.13749999999999998,0.31123046875000004,0.83750000000000002,946.5,339.5,960.5,378.5
1232,0.65234375,-0.123583984375,-0.13749999999999998,0.77641601562500007,1.0125000000000002,679.5,717.5,715.5,763.5
1233,0.5439453125,-0.078759765625000006,-0.13749999999999998,0.62124023437499998,0.86249999999999993,311.5,460.5,339.5,500.5
1234,0.65234375,-0.123583984375,-0.13749999999999998,0.77641601562500007,1.0125000000000002,534.5,717.5,570.5,763.5
1235,0.5439453125,-0.078759765625000006,-0.13749999999999998,0.62124023437499998,0.86249999999999993,822.5,419.5,850.5,459.5
1236,0.9345703125,-0.13217773437499999,-0.13749999999999998,1.0428222656249999,0.83750000000000002,518.5,379.5,565.5,418.5
1237,0.84423828125,-0.088183593749999997,-0.13749999999999998,0.93681640625000007,0.6875,896.5,185.5,937.5,218.5
1238,0.568359375,-0.054150390625000003,-0.13749999999999998,0.67084960937500004,1.0375000000000001,965.5,812.5,994.5,859.5
1239,0.52978515625,-0.080468750000000006,-0.13749999999999998,0.61953124999999998,0.86249999999999993,409.5,460.5,437.5,500.5
1240,0.69091796875,-0.085400390625000003,-0.13749999999999998,0.76459960937500004,0.86249999999999993,851.5,419.5,885.5,459.5
1241,0.52685546875,-0.081689453125000006,-0.13749999999999998,0.61831054687499998,0.6875,95.5,145.5,123.5,178.5
1242,0.69091796875,-0.085400390625000003,-0.13749999999999998,0.76459960937500004,0.98749999999999993,302.5,671.5,336.5,716.5
1243,0.52685546875,-0.081689453125000006,-0.13749999999999998,0.61831054687499998,0.86249999999999993,730.5,419.5,758.5,459.5
1244,0.90771484375,-0.11796875,-0.13749999999999998,1.0320312500000002,1.0125000000000002,246.5,717.5,292.5,763.5
1245,0.765625,-0.11889648437500001,-0.13749999999999998,0.881103515625,0.83750000000000002,198.5,339.5,238.5,378.5
1246,0.59326171875,-0.092089843749999997,-0.13749999999999998,0.68291015625000007,1.0375000000000001,703.5,812.5,734.5,859.5
1247,0.5078125,-0.086523437500000008,-0.13749999999999998,0.58847656250000002,0.86249999999999993,674.5,419.5,701.5,459.5
1248,0.58203125,-0.076367187500000003,-0.13749999999999998,0.64863281250000004,0.83750000000000002,364.5,339.5,393.5,378.5
1249,0.58203125,-0.077099609375000003,-0.33749999999999997,0.64790039062500004,0.66249999999999998,518.5,419.5,547.5,459.5
1250,0.712890625,-0.044531250000000008,-0.13749999999999998,0.75546875000000002,1.0125000000000002,181.5,717.5,213.5,763.5
1251,0.5771484375,-0.049169921875000008,-0.13749999999999998,0.62583007812500002,0.83750000000000002,846.5,339.5,873.5,378.5
1252,0.712890625,-0.044531250000000008,-0.13749999999999998,0.75546875000000002,1.0125000000000002,148.5,717.5,180.5,763.5
1253,0.5771484375,-0.049169921875000008,-0.13749999999999998,0.62583007812500002,0.83750000000000002,0.5,299.5,27.5,338.5
1254,0.6875,-0.068994140625000006,-0.13749999999999998,0.75600585937499998,1.0125000000000002,114.5,717.5,147.5,763.5
1255,0.5703125,-0.090087890625,-0.13749999999999998,0.65991210937500011,0.86249999999999993,422.5,419.5,452.5,459.5
1256,0.68017578125,-0.076318359375000006,-0.13749999999999998,0.74868164062499998,0.86249999999999993,325.5,419.5,358.5,459.5
1257,0.56787109375,-0.090087890625,-0.13749999999999998,0.65991210937500011,0.6875,361.5,145.5,391.5,178.5
1258,0.68017578125,-0.076318359375000006,-0.13749999999999998,0.74868164062499998,1.0125000000000002,931.5,765.5,964.5,811.5
1259,0.56787109375,-0.090087890625,-0.13749999999999998,0.65991210937500011,0.86249999999999993,155.5,419.5,185.5,459.5
1260,0.673828125,-0.054541015625000008,-0.13749999999999998,0.74545898437500002,1.0375000000000001,236.5,812.5,268.5,859.5
1261,0.53759765625,-0.083398437500000006,-0.13749999999999998,0.61660156249999998,0.86249999999999993,92.5,419.5,120.5,459.5
1262,0.62841796875,-0.094140625000000006,-0.13749999999999998,0.73085937499999998,1.0125000000000002,897.5,765.5,930.5,811.5
1263,0.47314453125,-0.12666015624999999,-0.36249999999999999,0.59833984375000004,0.83750000000000013,931.5,910.5,960.5,958.5
1264,0.62841796875,-0.094140625000000006,-0.13749999999999998,0.73085937499999998,1.0125000000000002,863.5,765.5,896.5,811.5
1265,0.47314453125,-0.12666015624999999,-0.36249999999999999,0.59833984375000004,0.86250000000000004,300.5,909.5,329.5,958.5
1266,0.62841796875,-0.094140625000000006,-0.13749999999999998,0.73085937499999998,1.0375000000000001,41.5,812.5,74.5,859.5
1267,0.47314453125,-0.118603515625,-0.36249999999999999,0.60639648437500004,0.88750000000000018,562.5,973.5,591.5,1023.5
1268,0.6845703125,-0.052050781250000011,-0.13749999999999998,0.72294921875000007,1.0125000000000002,294.5,765.5,325.5,811.5
1269,0.54345703125,-0.078710937500000008,-0.13749999999999998,0.59628906250000002,0.83750000000000002,705.5,259.5,732.5,298.5
1270,0.55615234375,-0.045068359375000006,-0.3125,0.65493164062499998,0.83750000000000013,793.5,765.5,821.5,811.5
1271,0.41943359375,-0.057568359375000003,-0.3125,0.54243164062500004,0.66250000000000009,999.5,299.5,1023.5,338.5
1272,0.86474609375,-0.044824218750000006,-0.13749999999999998,0.90517578124999998,1.0125000000000002,721.5,765.5,759.5,811.5
1273,0.7763671875,-0.055664062500000014,-0.13749999999999998,0.8193359375,0.83750000000000002,45.5,219.5,80.5,258.5
1274,0.58935546875,-0.10751953125000001,-0.36249999999999999,0.69248046875000002,0.83750000000000013,961.5,910.5,993.5,958.5
1275,0.45849609375,-0.098974609375000008,-0.36249999999999999,0.57602539062500002,0.66250000000000009,166.5,543.5,193.5,584.5
1276,0.6474609375,-0.107666015625,-0.36249999999999999,0.76733398437500011,0.83750000000000013,0.5,860.5,35.5,908.5
1277,0.53125,-0.108154296875,-0.36249999999999999,0.64184570312500011,0.66250000000000009,946.5,585.5,976.5,626.5
1278,0.626953125,-0.098291015625000006,-0.13749999999999998,0.72670898437499998,0.83750000000000002,937.5,219.5,970.5,258.5
1279,0.49560546875,-0.115673828125,-0.13749999999999998,0.60932617187500004,0.66249999999999998,493.5,112.5,522.5,144.5
1280,0.6201171875,-0.091601562499999997,-0.13749999999999998,0.68339843750000007,0.83750000000000002,669.5,219.5,700.5,258.5
1281,0.56396484375,-0.080712890625000006,-0.13749999999999998,0.61928710937499998,0.88750000000000007,209.5,585.5,237.5,626.5
1282,0.822265625,-0.091313476562499926,-0.13749999999999998,0.93368652343750014,0.83750000000000002,627.5,219.5,668.5,258.5
1283,0.861328125,-0.08667629076086962,-0.13749999999999998,0.93832370923913044,0.88750000000000007,167.5,585.5,208.5,626.5
1284,0.7919921875,-0.1105037913602942,-0.13749999999999998,0.86449620863970589,0.83750000000000002,587.5,219.5,626.5,258.5
1285,0.64599609375,-0.10662184495192309,-0.16249999999999998,0.74337815504807692,0.66250000000000009,392.5,145.5,426.5,178.5
1286,0.53564453125,-0.095166015625000003,-0.28749999999999998,0.62983398437500004,0.83749999999999991,83.5,671.5,112.5,716.5
1287,0.50341796875,-0.067480468750000008,-0.28749999999999998,0.60751953125000002,0.66250000000000009,366.5,180.5,393.5,218.5
1288,0.96923828125,-0.09400050951086962,-0.13749999999999998,1.0559994904891306,0.83750000000000002,121.5,219.5,167.5,258.5
1289,0.80712890625,-0.096148322610294115,-0.13749999999999998,0.90385167738970584,0.66249999999999998,468.5,78.5,508.5,110.5
1290,0.99755859375,-0.044099934895833401,-0.13749999999999998,1.0559000651041666,0.83750000000000002,0.5,219.5,44.5,258.5
1291,0.82861328125,-0.059234260110294118,-0.13749999999999998,0.91576573988970589,0.66249999999999998,373.5,78.5,412.5,110.5
1292,0.6201171875,-0.069860839843750008,-0.13749999999999998,0.70513916015625011,0.86249999999999993,472.5,460.5,503.5,500.5
1293,0.51416015625,-0.076993534482758627,-0.13749999999999998,0.59800646551724135,0.6875,725.5,145.5,752.5,178.5
1294,0.70947265625,-0.11226562499999995,-0.13749999999999998,0.7877343750000001,0.83750000000000002,573.5,259.5,609.5,298.5
1295,0.640625,-0.1009602864583334,-0.13749999999999998,0.72403971354166663,0.66249999999999998,301.5,112.5,334.5,144.5
1296,0.673828125,-0.063623046875000006,-0.13749999999999998,0.76137695312499998,0.86249999999999993,438.5,460.5,471.5,500.5
1297,0.5390625,-0.080712890625000006,-0.13749999999999998,0.61928710937499998,0.6875,0.5,111.5,28.5,144.5
1298,0.7509765625,-0.10903320312500001,-0.36249999999999999,0.84096679687499998,0.83750000000000013,36.5,860.5,74.5,908.5
1299,0.6181640625,-0.10610351562500001,-0.36249999999999999,0.71889648437499998,0.66250000000000009,98.5,543.5,131.5,584.5
8192,0.509765625,0,0,0,0,0,0,0,0
8193,1.02001953125,0,0,0,0,0,0,0,0
8194,0.509765625,0,0,0,0,0,0,0,0
8195,1.02001953125,0,0,0,0,0,0,0,0
8196,0.34033203125,0,0,0,0,0,0,0,0
8197,0.2548828125,0,0,0,0,0,0,0,0
8198,0.169921875,0,0,0,0,0,0,0,0
8199,0.56201171875,0,0,0,0,0,0,0,0
8200,0.2734375,0,0,0,0,0,0,0,0
8201,0.2041015625,0,0,0,0,0,0,0,0
8202,0.10205078125,0,0,0,0,0,0,0,0
8203,0,0,0,0,0,0,0,0,0
8208,0.275390625,-0.11279296875000001,0.13750000000000001,0.38720703125000006,0.48750000000000004,16.5,35.5,36.5,49.5
8209,0.275390625,-0.11279296875000001,0.13750000000000001,0.38720703125000006,0.48750000000000004,37.5,35.5,57.5,49.5
8211,0.65625,-0.051269531250000014,0.1875,0.69873046875,0.53750000000000009,58.5,35.5,88.5,49.5
8212,0.78076171875,-0.066015625000000008,0.1875,0.85898437500000002,0.53750000000000009,213.5,35.5,250.5,49.5
8213,0.78076171875,-0.066015625000000008,0.1875,0.85898437500000002,0.53750000000000009,251.5,35.5,288.5,49.5
8215,0.45556640625,-0.12001953124999999,-0.33749999999999997,0.57998046875000009,0.13750000000000007,432.5,58.5,460.5,77.5
8216,0.19970703125,-0.084765624999999997,0.38750000000000001,0.31523437500000007,0.88750000000000007,415.5,57.5,431.5,77.5
8217,0.19970703125,-0.108447265625,0.36249999999999999,0.29155273437500007,0.88749999999999996,300.5,56.5,316.5,77.5
8218,0.19873046875,-0.114306640625,-0.28749999999999998,0.28569335937500007,0.23749999999999999,283.5,56.5,299.5,77.5
8219,0.19970703125,-0.093066406249999997,0.36249999999999999,0.30693359375000007,0.88749999999999996,1007.5,89.5,1023.5,110.5
8220,0.353515625,-0.078955078125000008,0.38750000000000001,0.47104492187500002,0.88750000000000007,364.5,57.5,386.5,77.5
8221,0.35693359375,-0.10263671875000001,0.36249999999999999,0.44736328125000002,0.88749999999999996,174.5,56.5,196.5,77.5
8222,0.34423828125,-0.11679687500000001,-0.28749999999999998,0.43320312500000002,0.26250000000000001,1001.5,339.5,1023.5,361.5
8224,0.55126953125,-0.09912109375,-0.13749999999999998,0.65087890625000011,0.83750000000000002,963.5,259.5,993.5,298.5
8225,0.56982421875,-0.091064453125,-0.33749999999999997,0.65893554687500011,0.83750000000000002,868.5,861.5,898.5,908.5
8226,0.3369140625,-0.058007812500000006,0.1125,0.39199218750000003,0.61250000000000004,345.5,57.5,363.5,77.5
8229,0.470703125,-0.064892578125000003,-0.13749999999999998,0.53510742187500004,0.23750000000000002,964.5,62.5,988.5,77.5
8230,0.6689453125,-0.063574218750000008,-0.13749999999999998,0.73642578125000002,0.23750000000000002,931.5,62.5,963.5,77.5
8231,0.1865234375,-0.09423828125,0.1125,0.28076171875,0.48750000000000004,1005.5,62.5,1020.5,77.5
8240,0.9580078125,-0.099658203124999997,-0.13749999999999998,1.0503417968750002,0.86249999999999993,977.5,586.5,1023.5,626.5
8242,0.17431640625,-0.075585937500000006,0.38750000000000001,0.24941406250000003,0.88750000000000007,317.5,57.5,330.5,77.5
8243,0.31982421875,-0.070751953125000003,0.36249999999999999,0.40424804687500004,0.88749999999999996,154.5,56.5,173.5,77.5
8249,0.2998046875,-0.078320312500000003,-0.0625,0.39667968750000004,0.61250000000000004,0.5,50.5,19.5,77.5
8250,0.2998046875,-0.087353515625000003,-0.0625,0.38764648437500004,0.61250000000000004,939.5,83.5,958.5,110.5
8252,0.5146484375,-0.052246093750000014,-0.13749999999999998,0.57275390625,0.83750000000000002,543.5,299.5,568.5,338.5
8260,0.45458984375,-0.097216796874999997,-0.087500000000000008,0.55278320312500007,0.78750000000000009,745.5,183.5,771.5,218.5
8308,0.36669921875,-0.10366210937500001,0.1875,0.47133789062500003,0.83750000000000013,46.5,51.5,69.5,77.5
8319,0.421875,-0.072167968750000006,0.1875,0.50283203124999998,0.86250000000000004,983.5,83.5,1006.5,110.5
8355,0.552734375,-0.121630859375,-0.13749999999999998,0.65336914062500007,0.83750000000000002,628.5,379.5,659.5,418.5
8356,0.5810546875,-0.089892578124999997,-0.13749999999999998,0.68510742187500007,0.86249999999999993,608.5,419.5,639.5,459.5
8358,0.79150390625,-0.116748046875,-0.13749999999999998,0.90825195312500007,0.83750000000000002,181.5,299.5,222.5,338.5
8359,0.8203125,-0.045996093750000008,-0.13749999999999998,0.87900390625000002,0.83750000000000002,104.5,259.5,141.5,298.5
8360,1.0576171875,-0.055078125000000006,-0.13749999999999998,1.1449218750000001,0.83750000000000002,759.5,299.5,807.5,338.5
8361,0.73974609375,-0.117626953125,-0.13749999999999998,0.85737304687500004,0.83750000000000002,64.5,259.5,103.5,298.5
8362,0.77099609375,-0.064746093750000011,-0.13749999999999998,0.83525390625000007,0.66249999999999998,780.5,112.5,816.5,144.5
8363,0.57861328125,-0.084814453125000008,-0.28749999999999998,0.71518554687500002,0.88749999999999996,108.5,812.5,140.5,859.5
8364,0.5615234375,-0.082470703125000003,-0.13749999999999998,0.64252929687500004,0.86249999999999993,62.5,419.5,91.5,459.5
8369,0.7314453125,-0.121533203125,-0.13749999999999998,0.85346679687500004,0.83750000000000002,81.5,219.5,120.5,258.5
8377,0.5166015625,-0.11669921875000001,-0.13749999999999998,0.63330078125,0.83750000000000002,29.5,179.5,59.5,218.5
8378,0.556640625,-0.11083984375,-0.13749999999999998,0.63916015625000011,0.83750000000000002,60.5,179.5,90.5,218.5
8380,0.66015625,-0.082421875000000006,-0.13749999999999998,0.74257812499999998,0.66249999999999998,302.5,78.5,335.5,110.5
8381,0.66357421875,-0.11669921875000001,-0.13749999999999998,0.75830078125,0.83750000000000002,879.5,259.5,914.5,298.5
8453,0.73779296875,-0.075732421874999997,-0.13749999999999998,0.82426757812500007,0.86249999999999993,169.5,460.5,205.5,500.5
8467,0.4755859375,-0.086230468749999997,-0.13749999999999998,0.56376953125000007,0.88750000000000007,55.5,585.5,81.5,626.5
8470,1.0283203125,-0.049609375000000011,-0.13749999999999998,1.1003906250000002,0.86249999999999993,0.5,460.5,46.5,500.5
8482,0.62548828125,-0.086181640625,0.3125,0.66381835937500011,0.83749999999999991,252.5,56.5,282.5,77.5
8486,0.6650390625,-0.072851562500000008,-0.13749999999999998,0.72714843750000002,0.86249999999999993,896.5,502.5,928.5,542.5
8494,0.63623046875,-0.052001953125000014,-0.13749999999999998,0.697998046875,0.6875,965.5,145.5,995.5,178.5
8539,0.7685546875,-0.085791015625000008,-0.13749999999999998,0.83920898437500002,0.83750000000000002,908.5,339.5,945.5,378.5
8540,0.85498046875,-0.080322265625,-0.13749999999999998,0.919677734375,0.86249999999999993,71.5,460.5,111.5,500.5
8541,0.85107421875,-0.0830078125,-0.13749999999999998,0.9169921875,0.83750000000000002,794.5,219.5,834.5,258.5
8542,0.8017578125,-0.091503906250000003,-0.13749999999999998,0.88349609375000004,0.83750000000000002,387.5,379.5,426.5,418.5
8706,0.56982421875,-0.074414062500000003,-0.13749999999999998,0.65058593750000004,0.88750000000000007,42.5,501.5,71.5,542.5
8710,0.705078125,-0.11435546875000001,-0.13749999999999998,0.81064453125000002,0.83750000000000002,795.5,379.5,832.5,418.5
8719,0.6943359375,-0.052832031250000008,-0.23749999999999999,0.74716796875000002,0.83750000000000013,730.5,673.5,762.5,716.5
8721,0.58544921875,-0.091406250000000008,-0.26250000000000001,0.70859375000000002,0.83750000000000002,497.5,672.5,529.5,716.5
8722,0.5712890625,-0.051611328125000008,0.1875,0.62338867187500002,0.53750000000000009,114.5,35.5,141.5,49.5
8730,0.59619140625,-0.097509765625000008,-0.13749999999999998,0.70249023437500002,0.83750000000000002,91.5,179.5,123.5,218.5
8734,1.0283203125,-0.089013671875000006,-0.13749999999999998,1.1109863281250001,0.6875,816.5,145.5,864.5,178.5
8747,0.255859375,-0.17236328125,-0.36249999999999999,0.45263671875000006,0.88750000000000018,536.5,973.5,561.5,1023.5
8776,0.5634765625,-0.085156250000000003,-0.012500000000000001,0.63984375000000004,0.63750000000000007,70.5,51.5,99.5,77.5
8800,0.548828125,-0.059667968750000008,-0.0625,0.61533203125000002,0.73750000000000004,752.5,112.5,779.5,144.5
8804,0.50830078125,-0.10336914062500001,-0.13749999999999998,0.57163085937500002,0.66249999999999998,242.5,112.5,269.5,144.5
8805,0.52294921875,-0.063818359375000008,-0.13749999999999998,0.61118164062500002,0.6875,938.5,185.5,965.5,218.5
9674,0.50390625,-0.110791015625,-0.13749999999999998,0.61420898437500004,0.83750000000000002,34.5,259.5,63.5,298.5
65532,1.02490234375,-0.082177734375000006,-0.33749999999999997,1.1178222656250001,0.83750000000000002,133.5,764.5,181.5,811.5
65533,1.02587890625,-0.087548828125000006,-0.41249999999999998,1.1124511718750001,1.1875,0.5,959.5,48.5,1023.5
